-- phpMyAdmin SQL Dump
-- version 5.1.1
-- https://www.phpmyadmin.net/
--
-- Host: localhost
-- Generation Time: Aug 18, 2021 at 08:02 AM
-- Server version: 10.4.20-MariaDB
-- PHP Version: 8.0.8

SET SQL_MODE = "NO_AUTO_VALUE_ON_ZERO";
START TRANSACTION;
SET time_zone = "+00:00";


/*!40101 SET @OLD_CHARACTER_SET_CLIENT=@@CHARACTER_SET_CLIENT */;
/*!40101 SET @OLD_CHARACTER_SET_RESULTS=@@CHARACTER_SET_RESULTS */;
/*!40101 SET @OLD_COLLATION_CONNECTION=@@COLLATION_CONNECTION */;
/*!40101 SET NAMES utf8mb4 */;

--
-- Database: `proyectos`
--

-- --------------------------------------------------------

--
-- Table structure for table `Compra`
--

CREATE TABLE `Compra` (
  `ID_Compra` int(11) NOT NULL,
  `Cantidad` int(11) NOT NULL,
  `Proveedor` varchar(45) NOT NULL,
  `Pagado` varchar(45) NOT NULL,
  `Fecha` datetime NOT NULL,
  `ID_Proyecto` int(11) NOT NULL,
  `ID_MaterialConstruccion` int(11) NOT NULL
) ENGINE=InnoDB DEFAULT CHARSET=utf8mb4;

--
-- Dumping data for table `Compra`
--

INSERT INTO `Compra` (`ID_Compra`, `Cantidad`, `Proveedor`, `Pagado`, `Fecha`, `ID_Proyecto`, `ID_MaterialConstruccion`) VALUES
(1, 2, 'Homecenter', 'Parcialmente', '2020-12-10 00:00:00', 281, 20),
(2, 2, 'Minerales Estalactita', 'No', '2021-04-16 00:00:00', 38, 4),
(3, 18, 'Minerales Estalactita', 'Si', '2020-05-21 00:00:00', 331, 14),
(4, 8, 'Bricolajes La Alameda', 'Si', '2020-12-17 00:00:00', 152, 20),
(5, 19, 'Cementos El Dorado', 'No', '2021-03-07 00:00:00', 117, 15),
(6, 4, 'JUMBO', 'Parcialmente', '2021-05-25 00:00:00', 177, 8),
(7, 15, 'Minerales Estalactita', 'No', '2020-10-03 00:00:00', 76, 3),
(8, 13, 'Minerales Estalactita', 'Si', '2021-05-09 00:00:00', 160, 15),
(9, 12, 'Bricolajes La Alameda', 'Parcialmente', '2020-01-17 00:00:00', 111, 11),
(10, 14, 'Minerales Estalactita', 'Si', '2020-11-10 00:00:00', 130, 18),
(11, 16, 'Minerales Estalactita', 'Parcialmente', '2020-05-01 00:00:00', 248, 14),
(12, 12, 'Cementos El Dorado', 'Si', '2021-04-13 00:00:00', 60, 7),
(13, 13, 'Cementos El Dorado', 'Si', '2020-06-22 00:00:00', 51, 6),
(14, 3, 'JUMBO', 'Parcialmente', '2020-09-05 00:00:00', 277, 15),
(15, 17, 'Homecenter', 'No', '2020-11-12 00:00:00', 95, 18),
(16, 11, 'Homecenter', 'No', '2020-04-03 00:00:00', 377, 17),
(17, 6, 'Homecenter', 'Si', '2020-05-25 00:00:00', 9, 1),
(18, 7, 'Minerales Estalactita', 'No', '2020-09-11 00:00:00', 321, 19),
(19, 17, 'JUMBO', 'Parcialmente', '2020-05-12 00:00:00', 132, 5),
(20, 14, 'JUMBO', 'Parcialmente', '2020-11-02 00:00:00', 278, 15),
(21, 20, 'Minerales Estalactita', 'Si', '2020-04-22 00:00:00', 255, 5),
(22, 17, 'JUMBO', 'No', '2020-11-28 00:00:00', 108, 15),
(23, 14, 'Homecenter', 'Si', '2021-02-18 00:00:00', 360, 2),
(24, 1, 'Homecenter', 'Parcialmente', '2021-06-27 00:00:00', 149, 3),
(25, 20, 'JUMBO', 'No', '2020-06-17 00:00:00', 387, 2),
(26, 6, 'Homecenter', 'No', '2021-05-14 00:00:00', 87, 20),
(27, 3, 'Minerales Estalactita', 'No', '2020-10-24 00:00:00', 32, 8),
(28, 17, 'Cementos El Dorado', 'Si', '2020-04-18 00:00:00', 147, 18),
(29, 2, 'Homecenter', 'Si', '2021-06-21 00:00:00', 241, 15),
(30, 4, 'Minerales Estalactita', 'Parcialmente', '2021-02-10 00:00:00', 2, 9),
(31, 13, 'Minerales Estalactita', 'Si', '2020-09-26 00:00:00', 73, 16),
(32, 19, 'Cementos El Dorado', 'Parcialmente', '2020-09-04 00:00:00', 172, 4),
(33, 16, 'JUMBO', 'Si', '2021-02-26 00:00:00', 282, 10),
(34, 18, 'Minerales Estalactita', 'Parcialmente', '2021-05-27 00:00:00', 366, 17),
(35, 7, 'Homecenter', 'Si', '2020-03-04 00:00:00', 126, 1),
(36, 1, 'Homecenter', 'No', '2020-03-26 00:00:00', 148, 7),
(37, 18, 'Bricolajes La Alameda', 'Si', '2021-04-14 00:00:00', 386, 7),
(38, 16, 'Bricolajes La Alameda', 'Si', '2021-05-28 00:00:00', 350, 3),
(39, 20, 'Bricolajes La Alameda', 'No', '2021-01-12 00:00:00', 202, 9),
(40, 19, 'JUMBO', 'No', '2020-06-27 00:00:00', 328, 5),
(41, 19, 'Homecenter', 'Si', '2021-05-06 00:00:00', 100, 19),
(42, 16, 'Homecenter', 'No', '2020-06-17 00:00:00', 230, 21),
(43, 4, 'JUMBO', 'Si', '2020-01-23 00:00:00', 7, 19),
(44, 17, 'JUMBO', 'No', '2020-09-26 00:00:00', 393, 11),
(45, 3, 'Bricolajes La Alameda', 'Parcialmente', '2021-02-08 00:00:00', 308, 5),
(46, 10, 'Minerales Estalactita', 'No', '2021-03-21 00:00:00', 386, 7),
(47, 12, 'Bricolajes La Alameda', 'No', '2020-12-10 00:00:00', 165, 5),
(48, 11, 'Cementos El Dorado', 'Parcialmente', '2020-03-16 00:00:00', 93, 17),
(49, 9, 'Homecenter', 'Si', '2020-09-26 00:00:00', 374, 2),
(50, 14, 'Cementos El Dorado', 'Parcialmente', '2020-03-15 00:00:00', 212, 20),
(51, 17, 'Bricolajes La Alameda', 'Si', '2020-07-16 00:00:00', 107, 8),
(52, 20, 'JUMBO', 'No', '2021-04-01 00:00:00', 280, 6),
(53, 19, 'JUMBO', 'Si', '2020-03-09 00:00:00', 387, 13),
(54, 4, 'Bricolajes La Alameda', 'Parcialmente', '2020-04-10 00:00:00', 299, 8),
(55, 7, 'JUMBO', 'Parcialmente', '2020-12-05 00:00:00', 285, 13),
(56, 6, 'Minerales Estalactita', 'Si', '2020-07-10 00:00:00', 79, 13),
(57, 18, 'Cementos El Dorado', 'Parcialmente', '2020-07-24 00:00:00', 327, 10),
(58, 8, 'Cementos El Dorado', 'Parcialmente', '2021-04-16 00:00:00', 190, 4),
(59, 3, 'Cementos El Dorado', 'No', '2021-05-06 00:00:00', 386, 18),
(60, 17, 'JUMBO', 'Si', '2020-01-24 00:00:00', 324, 21),
(61, 13, 'JUMBO', 'Si', '2020-08-05 00:00:00', 385, 11),
(62, 2, 'JUMBO', 'Parcialmente', '2020-04-13 00:00:00', 203, 2),
(63, 17, 'Homecenter', 'Parcialmente', '2020-09-11 00:00:00', 397, 4),
(64, 11, 'Minerales Estalactita', 'No', '2020-12-22 00:00:00', 293, 5),
(65, 9, 'Cementos El Dorado', 'No', '2020-11-22 00:00:00', 89, 16),
(66, 8, 'Bricolajes La Alameda', 'Si', '2021-03-15 00:00:00', 89, 16),
(67, 13, 'Bricolajes La Alameda', 'Parcialmente', '2021-05-27 00:00:00', 98, 19),
(68, 4, 'Cementos El Dorado', 'Si', '2020-12-16 00:00:00', 47, 12),
(69, 16, 'Bricolajes La Alameda', 'Parcialmente', '2021-04-19 00:00:00', 373, 10),
(70, 18, 'JUMBO', 'Parcialmente', '2020-01-03 00:00:00', 43, 18),
(71, 8, 'Homecenter', 'Si', '2021-06-14 00:00:00', 191, 9),
(72, 8, 'Cementos El Dorado', 'No', '2020-09-25 00:00:00', 373, 1),
(73, 5, 'Minerales Estalactita', 'No', '2021-01-18 00:00:00', 365, 4),
(74, 5, 'Minerales Estalactita', 'No', '2021-05-28 00:00:00', 69, 11),
(75, 17, 'Minerales Estalactita', 'Parcialmente', '2021-02-02 00:00:00', 220, 21),
(76, 10, 'Cementos El Dorado', 'Si', '2020-11-05 00:00:00', 119, 13),
(77, 7, 'Cementos El Dorado', 'No', '2020-03-14 00:00:00', 78, 4),
(78, 12, 'Cementos El Dorado', 'No', '2020-05-26 00:00:00', 130, 21),
(79, 5, 'JUMBO', 'Si', '2020-03-24 00:00:00', 323, 20),
(80, 17, 'JUMBO', 'Parcialmente', '2020-09-05 00:00:00', 48, 15),
(81, 1, 'Cementos El Dorado', 'Parcialmente', '2020-06-17 00:00:00', 67, 8),
(82, 13, 'Bricolajes La Alameda', 'No', '2020-08-02 00:00:00', 118, 15),
(83, 13, 'Minerales Estalactita', 'Si', '2020-04-17 00:00:00', 86, 14),
(84, 5, 'Minerales Estalactita', 'Parcialmente', '2021-01-07 00:00:00', 37, 20),
(85, 4, 'Cementos El Dorado', 'Si', '2021-04-03 00:00:00', 177, 11),
(86, 8, 'Homecenter', 'No', '2020-11-18 00:00:00', 306, 14),
(87, 11, 'JUMBO', 'No', '2021-02-21 00:00:00', 12, 11),
(88, 11, 'Bricolajes La Alameda', 'No', '2020-08-20 00:00:00', 31, 19),
(89, 19, 'Bricolajes La Alameda', 'Si', '2020-01-03 00:00:00', 277, 4),
(90, 15, 'Cementos El Dorado', 'No', '2020-07-16 00:00:00', 225, 4),
(91, 12, 'JUMBO', 'Parcialmente', '2020-12-20 00:00:00', 147, 16),
(92, 11, 'Cementos El Dorado', 'Si', '2020-01-24 00:00:00', 297, 4),
(93, 17, 'Homecenter', 'Parcialmente', '2020-02-11 00:00:00', 49, 14),
(94, 14, 'Cementos El Dorado', 'Si', '2021-06-14 00:00:00', 271, 12),
(95, 19, 'Homecenter', 'Si', '2020-05-11 00:00:00', 310, 8),
(96, 14, 'Minerales Estalactita', 'Si', '2021-05-11 00:00:00', 106, 18),
(97, 5, 'Minerales Estalactita', 'Parcialmente', '2020-10-03 00:00:00', 108, 2),
(98, 4, 'JUMBO', 'Si', '2020-03-15 00:00:00', 353, 1),
(99, 3, 'Bricolajes La Alameda', 'Parcialmente', '2021-05-15 00:00:00', 163, 3),
(100, 5, 'Minerales Estalactita', 'Parcialmente', '2021-04-04 00:00:00', 275, 3),
(101, 7, 'Bricolajes La Alameda', 'Parcialmente', '2020-05-28 00:00:00', 170, 18),
(102, 13, 'Homecenter', 'Si', '2020-01-09 00:00:00', 367, 7),
(103, 11, 'JUMBO', 'Si', '2020-02-18 00:00:00', 329, 21),
(104, 13, 'JUMBO', 'Parcialmente', '2020-12-21 00:00:00', 11, 19),
(105, 2, 'Bricolajes La Alameda', 'No', '2021-06-01 00:00:00', 209, 5),
(106, 5, 'Minerales Estalactita', 'Parcialmente', '2020-02-16 00:00:00', 270, 19),
(107, 8, 'Minerales Estalactita', 'Si', '2020-06-06 00:00:00', 134, 16),
(108, 6, 'Minerales Estalactita', 'No', '2020-10-27 00:00:00', 234, 12),
(109, 4, 'Minerales Estalactita', 'Si', '2021-01-27 00:00:00', 61, 21),
(110, 9, 'Cementos El Dorado', 'Parcialmente', '2020-06-02 00:00:00', 125, 12),
(111, 1, 'Homecenter', 'Parcialmente', '2021-06-22 00:00:00', 252, 7),
(112, 1, 'JUMBO', 'Parcialmente', '2020-04-09 00:00:00', 41, 20),
(113, 13, 'Bricolajes La Alameda', 'No', '2020-01-07 00:00:00', 193, 7),
(114, 9, 'Cementos El Dorado', 'Parcialmente', '2021-03-19 00:00:00', 254, 18),
(115, 16, 'Homecenter', 'No', '2020-06-25 00:00:00', 288, 18),
(116, 13, 'Bricolajes La Alameda', 'No', '2021-06-06 00:00:00', 232, 9),
(117, 15, 'Minerales Estalactita', 'No', '2021-01-15 00:00:00', 79, 5),
(118, 15, 'Homecenter', 'Si', '2020-02-09 00:00:00', 272, 17),
(119, 1, 'Minerales Estalactita', 'No', '2021-04-27 00:00:00', 89, 15),
(120, 16, 'Cementos El Dorado', 'No', '2021-04-08 00:00:00', 34, 1),
(121, 18, 'JUMBO', 'Si', '2020-05-27 00:00:00', 5, 5),
(122, 6, 'Minerales Estalactita', 'Parcialmente', '2020-03-16 00:00:00', 66, 4),
(123, 7, 'Bricolajes La Alameda', 'Si', '2020-01-12 00:00:00', 271, 13),
(124, 15, 'Minerales Estalactita', 'No', '2020-09-04 00:00:00', 290, 13),
(125, 16, 'Homecenter', 'Si', '2020-08-19 00:00:00', 183, 5),
(126, 9, 'Bricolajes La Alameda', 'Si', '2020-12-06 00:00:00', 366, 14),
(127, 18, 'JUMBO', 'Si', '2020-10-25 00:00:00', 22, 14),
(128, 4, 'Bricolajes La Alameda', 'Parcialmente', '2021-04-02 00:00:00', 95, 16),
(129, 2, 'Bricolajes La Alameda', 'Parcialmente', '2020-08-17 00:00:00', 366, 20),
(130, 5, 'Minerales Estalactita', 'Si', '2021-02-06 00:00:00', 125, 14),
(131, 6, 'Homecenter', 'Si', '2021-04-10 00:00:00', 312, 18),
(132, 5, 'Bricolajes La Alameda', 'No', '2021-01-02 00:00:00', 296, 6),
(133, 13, 'JUMBO', 'Parcialmente', '2020-05-09 00:00:00', 105, 2),
(134, 20, 'JUMBO', 'Si', '2020-10-28 00:00:00', 294, 19),
(135, 7, 'Cementos El Dorado', 'No', '2020-08-08 00:00:00', 19, 14),
(136, 13, 'Homecenter', 'Parcialmente', '2020-02-02 00:00:00', 89, 17),
(137, 7, 'Bricolajes La Alameda', 'No', '2020-12-10 00:00:00', 261, 11),
(138, 12, 'Bricolajes La Alameda', 'Si', '2020-06-27 00:00:00', 266, 1),
(139, 6, 'Bricolajes La Alameda', 'No', '2020-10-05 00:00:00', 371, 18),
(140, 12, 'Minerales Estalactita', 'Parcialmente', '2020-07-27 00:00:00', 163, 19),
(141, 16, 'Minerales Estalactita', 'Parcialmente', '2020-04-21 00:00:00', 382, 3),
(142, 20, 'Minerales Estalactita', 'Parcialmente', '2020-06-04 00:00:00', 264, 6),
(143, 18, 'Bricolajes La Alameda', 'Parcialmente', '2020-08-16 00:00:00', 56, 11),
(144, 20, 'Homecenter', 'Parcialmente', '2021-05-15 00:00:00', 76, 9),
(145, 7, 'Cementos El Dorado', 'Si', '2020-06-27 00:00:00', 117, 6),
(146, 13, 'Homecenter', 'No', '2021-05-22 00:00:00', 181, 14),
(147, 5, 'Homecenter', 'Si', '2020-08-04 00:00:00', 356, 3),
(148, 16, 'Homecenter', 'Parcialmente', '2020-12-13 00:00:00', 19, 5),
(149, 2, 'JUMBO', 'Parcialmente', '2021-06-03 00:00:00', 96, 11),
(150, 4, 'JUMBO', 'Si', '2020-08-21 00:00:00', 238, 11),
(151, 4, 'Homecenter', 'Parcialmente', '2020-11-06 00:00:00', 159, 8),
(152, 7, 'Cementos El Dorado', 'Si', '2020-06-07 00:00:00', 59, 18),
(153, 19, 'Minerales Estalactita', 'Si', '2020-02-12 00:00:00', 32, 7),
(154, 15, 'Homecenter', 'Si', '2020-10-21 00:00:00', 159, 4),
(155, 2, 'Bricolajes La Alameda', 'Si', '2021-05-02 00:00:00', 158, 6),
(156, 18, 'Cementos El Dorado', 'Parcialmente', '2020-02-10 00:00:00', 117, 16),
(157, 3, 'Homecenter', 'No', '2020-04-09 00:00:00', 94, 18),
(158, 11, 'JUMBO', 'Parcialmente', '2020-05-13 00:00:00', 200, 14),
(159, 20, 'Bricolajes La Alameda', 'Si', '2020-09-06 00:00:00', 150, 5),
(160, 1, 'JUMBO', 'No', '2020-06-08 00:00:00', 358, 21),
(161, 20, 'Minerales Estalactita', 'No', '2020-10-24 00:00:00', 301, 1),
(162, 17, 'Bricolajes La Alameda', 'No', '2020-06-13 00:00:00', 62, 8),
(163, 13, 'JUMBO', 'No', '2020-09-13 00:00:00', 325, 4),
(164, 16, 'JUMBO', 'No', '2021-05-24 00:00:00', 154, 14),
(165, 15, 'JUMBO', 'Parcialmente', '2020-08-09 00:00:00', 114, 20),
(166, 15, 'Bricolajes La Alameda', 'Parcialmente', '2020-10-15 00:00:00', 363, 18),
(167, 9, 'Minerales Estalactita', 'No', '2020-07-07 00:00:00', 271, 18),
(168, 7, 'Homecenter', 'Si', '2020-04-28 00:00:00', 119, 1),
(169, 4, 'JUMBO', 'Si', '2020-12-12 00:00:00', 265, 3),
(170, 5, 'Minerales Estalactita', 'No', '2021-03-10 00:00:00', 81, 7),
(171, 4, 'JUMBO', 'No', '2020-06-09 00:00:00', 243, 10),
(172, 6, 'Cementos El Dorado', 'No', '2020-05-26 00:00:00', 300, 10),
(173, 9, 'Cementos El Dorado', 'Si', '2021-06-10 00:00:00', 267, 10),
(174, 10, 'JUMBO', 'No', '2020-04-28 00:00:00', 390, 13),
(175, 6, 'Cementos El Dorado', 'Parcialmente', '2020-09-13 00:00:00', 193, 14),
(176, 2, 'Minerales Estalactita', 'No', '2021-06-26 00:00:00', 17, 21),
(177, 8, 'Homecenter', 'Si', '2020-10-07 00:00:00', 94, 18),
(178, 13, 'Bricolajes La Alameda', 'No', '2021-06-18 00:00:00', 202, 10),
(179, 3, 'Cementos El Dorado', 'No', '2021-06-08 00:00:00', 115, 17),
(180, 12, 'JUMBO', 'No', '2020-05-22 00:00:00', 177, 19),
(181, 13, 'Homecenter', 'Si', '2020-11-09 00:00:00', 167, 14),
(182, 14, 'Minerales Estalactita', 'No', '2020-12-27 00:00:00', 297, 10),
(183, 1, 'Cementos El Dorado', 'Parcialmente', '2020-05-13 00:00:00', 367, 17),
(184, 14, 'Cementos El Dorado', 'Si', '2021-02-27 00:00:00', 331, 2),
(185, 5, 'Bricolajes La Alameda', 'Si', '2021-01-14 00:00:00', 259, 11),
(186, 11, 'JUMBO', 'No', '2021-03-03 00:00:00', 307, 4),
(187, 12, 'Cementos El Dorado', 'No', '2020-01-11 00:00:00', 178, 11),
(188, 16, 'Minerales Estalactita', 'Si', '2020-09-26 00:00:00', 147, 3),
(189, 5, 'Bricolajes La Alameda', 'No', '2020-04-16 00:00:00', 319, 5),
(190, 5, 'Minerales Estalactita', 'No', '2020-06-04 00:00:00', 161, 21),
(191, 3, 'Minerales Estalactita', 'No', '2020-04-18 00:00:00', 209, 17),
(192, 16, 'Homecenter', 'Parcialmente', '2020-01-12 00:00:00', 165, 14),
(193, 16, 'Bricolajes La Alameda', 'No', '2020-05-10 00:00:00', 342, 17),
(194, 12, 'Bricolajes La Alameda', 'No', '2020-01-09 00:00:00', 289, 8),
(195, 8, 'JUMBO', 'No', '2021-06-17 00:00:00', 93, 15),
(196, 10, 'Bricolajes La Alameda', 'Parcialmente', '2021-03-04 00:00:00', 247, 21),
(197, 10, 'Cementos El Dorado', 'Si', '2020-04-04 00:00:00', 203, 10),
(198, 11, 'JUMBO', 'Parcialmente', '2020-10-18 00:00:00', 181, 15),
(199, 9, 'Cementos El Dorado', 'Parcialmente', '2021-04-26 00:00:00', 203, 1),
(200, 3, 'JUMBO', 'No', '2021-03-09 00:00:00', 14, 6),
(201, 5, 'Homecenter', 'Si', '2020-02-23 00:00:00', 144, 15),
(202, 15, 'Homecenter', 'Parcialmente', '2021-05-17 00:00:00', 244, 17),
(203, 19, 'Bricolajes La Alameda', 'Parcialmente', '2021-01-26 00:00:00', 397, 4),
(204, 7, 'Homecenter', 'No', '2020-02-10 00:00:00', 227, 13),
(205, 7, 'JUMBO', 'No', '2021-06-14 00:00:00', 30, 17),
(206, 19, 'Bricolajes La Alameda', 'Si', '2021-04-14 00:00:00', 297, 1),
(207, 18, 'Homecenter', 'Parcialmente', '2020-02-06 00:00:00', 233, 11),
(208, 1, 'Cementos El Dorado', 'Parcialmente', '2020-12-18 00:00:00', 199, 7),
(209, 4, 'Minerales Estalactita', 'Si', '2020-11-02 00:00:00', 383, 13),
(210, 14, 'Minerales Estalactita', 'Parcialmente', '2021-01-18 00:00:00', 296, 11),
(211, 17, 'Cementos El Dorado', 'Si', '2021-03-08 00:00:00', 138, 20),
(212, 15, 'Cementos El Dorado', 'Si', '2021-01-03 00:00:00', 12, 1),
(213, 1, 'Cementos El Dorado', 'Parcialmente', '2021-03-14 00:00:00', 339, 9),
(214, 5, 'Minerales Estalactita', 'Si', '2020-09-25 00:00:00', 316, 13),
(215, 6, 'Minerales Estalactita', 'Parcialmente', '2020-06-22 00:00:00', 275, 7),
(216, 20, 'JUMBO', 'No', '2021-03-11 00:00:00', 158, 10),
(217, 11, 'Minerales Estalactita', 'Parcialmente', '2020-07-19 00:00:00', 218, 2),
(218, 9, 'Minerales Estalactita', 'Parcialmente', '2020-09-10 00:00:00', 132, 21),
(219, 5, 'JUMBO', 'Si', '2020-05-19 00:00:00', 302, 12),
(220, 2, 'JUMBO', 'Parcialmente', '2020-05-25 00:00:00', 362, 3),
(221, 8, 'JUMBO', 'No', '2020-08-06 00:00:00', 52, 5),
(222, 4, 'Minerales Estalactita', 'No', '2020-09-02 00:00:00', 334, 14),
(223, 5, 'Cementos El Dorado', 'Parcialmente', '2021-02-12 00:00:00', 106, 13),
(224, 12, 'Bricolajes La Alameda', 'No', '2021-01-19 00:00:00', 341, 17),
(225, 3, 'JUMBO', 'Parcialmente', '2020-10-21 00:00:00', 232, 11),
(226, 16, 'Homecenter', 'Si', '2020-06-23 00:00:00', 327, 11),
(227, 5, 'Homecenter', 'No', '2020-11-17 00:00:00', 261, 10),
(228, 17, 'Bricolajes La Alameda', 'Si', '2020-07-02 00:00:00', 135, 17),
(229, 14, 'Cementos El Dorado', 'Parcialmente', '2020-04-09 00:00:00', 329, 14),
(230, 19, 'Homecenter', 'Si', '2020-08-15 00:00:00', 376, 16),
(231, 11, 'Bricolajes La Alameda', 'Parcialmente', '2020-06-07 00:00:00', 96, 21),
(232, 12, 'Cementos El Dorado', 'Si', '2020-03-23 00:00:00', 276, 18),
(233, 4, 'Minerales Estalactita', 'Si', '2020-05-11 00:00:00', 308, 5),
(234, 17, 'JUMBO', 'Parcialmente', '2020-02-08 00:00:00', 135, 12),
(235, 4, 'Minerales Estalactita', 'Parcialmente', '2020-07-04 00:00:00', 397, 4),
(236, 5, 'Homecenter', 'Si', '2020-06-04 00:00:00', 242, 9),
(237, 20, 'Cementos El Dorado', 'No', '2020-03-19 00:00:00', 12, 8),
(238, 14, 'Homecenter', 'Parcialmente', '2020-04-16 00:00:00', 331, 13),
(239, 9, 'Minerales Estalactita', 'Parcialmente', '2020-06-27 00:00:00', 181, 19),
(240, 11, 'JUMBO', 'Parcialmente', '2021-03-06 00:00:00', 376, 2),
(241, 18, 'Bricolajes La Alameda', 'Si', '2021-02-07 00:00:00', 9, 8),
(242, 3, 'Cementos El Dorado', 'Si', '2021-02-05 00:00:00', 6, 5),
(243, 15, 'Bricolajes La Alameda', 'No', '2020-05-07 00:00:00', 336, 16),
(244, 1, 'Cementos El Dorado', 'Parcialmente', '2020-09-27 00:00:00', 93, 6),
(245, 18, 'Bricolajes La Alameda', 'Si', '2020-08-02 00:00:00', 385, 11),
(246, 6, 'Minerales Estalactita', 'Si', '2020-03-06 00:00:00', 353, 1),
(247, 9, 'JUMBO', 'Si', '2020-09-05 00:00:00', 298, 7),
(248, 3, 'Homecenter', 'Parcialmente', '2020-10-14 00:00:00', 129, 15),
(249, 16, 'Cementos El Dorado', 'Parcialmente', '2020-05-08 00:00:00', 80, 18),
(250, 12, 'Minerales Estalactita', 'Si', '2021-04-26 00:00:00', 131, 18),
(251, 5, 'Minerales Estalactita', 'No', '2021-03-28 00:00:00', 351, 21),
(252, 16, 'Bricolajes La Alameda', 'Si', '2021-04-19 00:00:00', 162, 2),
(253, 20, 'Bricolajes La Alameda', 'Parcialmente', '2021-03-16 00:00:00', 167, 1),
(254, 8, 'Bricolajes La Alameda', 'Parcialmente', '2020-12-27 00:00:00', 190, 1),
(255, 13, 'JUMBO', 'Si', '2020-02-28 00:00:00', 54, 17),
(256, 8, 'Homecenter', 'No', '2020-05-06 00:00:00', 302, 17),
(257, 1, 'Minerales Estalactita', 'Parcialmente', '2021-01-13 00:00:00', 133, 11),
(258, 14, 'Bricolajes La Alameda', 'No', '2020-07-06 00:00:00', 54, 1),
(259, 19, 'JUMBO', 'Parcialmente', '2021-02-15 00:00:00', 137, 13),
(260, 4, 'JUMBO', 'Parcialmente', '2020-08-17 00:00:00', 243, 16),
(261, 1, 'Bricolajes La Alameda', 'Parcialmente', '2021-03-25 00:00:00', 259, 13),
(262, 4, 'Cementos El Dorado', 'Parcialmente', '2020-11-26 00:00:00', 321, 8),
(263, 10, 'Cementos El Dorado', 'No', '2020-11-19 00:00:00', 176, 20),
(264, 16, 'Bricolajes La Alameda', 'Si', '2020-01-18 00:00:00', 38, 1),
(265, 19, 'Homecenter', 'Parcialmente', '2020-03-16 00:00:00', 131, 16),
(266, 2, 'Minerales Estalactita', 'Si', '2020-01-27 00:00:00', 58, 2),
(267, 6, 'Bricolajes La Alameda', 'Si', '2020-09-16 00:00:00', 380, 17),
(268, 6, 'Homecenter', 'Parcialmente', '2020-08-24 00:00:00', 295, 21),
(269, 5, 'Cementos El Dorado', 'Si', '2020-10-02 00:00:00', 65, 1),
(270, 10, 'Cementos El Dorado', 'No', '2020-10-02 00:00:00', 331, 6),
(271, 17, 'Minerales Estalactita', 'No', '2020-12-26 00:00:00', 202, 3),
(272, 13, 'Cementos El Dorado', 'Si', '2021-03-02 00:00:00', 278, 14),
(273, 16, 'JUMBO', 'Si', '2021-02-12 00:00:00', 188, 6),
(274, 1, 'Cementos El Dorado', 'Si', '2020-02-03 00:00:00', 295, 16),
(275, 8, 'Minerales Estalactita', 'Parcialmente', '2020-08-01 00:00:00', 50, 12),
(276, 15, 'Homecenter', 'Si', '2020-01-10 00:00:00', 78, 7),
(277, 20, 'Minerales Estalactita', 'No', '2021-01-27 00:00:00', 367, 3),
(278, 1, 'JUMBO', 'Si', '2020-12-23 00:00:00', 116, 2),
(279, 5, 'Homecenter', 'No', '2021-02-03 00:00:00', 399, 4),
(280, 12, 'Homecenter', 'Parcialmente', '2021-01-07 00:00:00', 36, 1),
(281, 4, 'JUMBO', 'Si', '2020-10-14 00:00:00', 72, 16),
(282, 12, 'Cementos El Dorado', 'Si', '2020-03-24 00:00:00', 225, 14),
(283, 4, 'JUMBO', 'Si', '2021-04-19 00:00:00', 219, 16),
(284, 1, 'JUMBO', 'Parcialmente', '2021-06-13 00:00:00', 61, 5),
(285, 3, 'Homecenter', 'No', '2020-02-14 00:00:00', 4, 11),
(286, 9, 'Homecenter', 'Parcialmente', '2020-03-22 00:00:00', 315, 17),
(287, 19, 'JUMBO', 'No', '2020-07-17 00:00:00', 342, 1),
(288, 16, 'Bricolajes La Alameda', 'No', '2021-03-21 00:00:00', 18, 12),
(289, 17, 'JUMBO', 'Si', '2020-06-10 00:00:00', 276, 13),
(290, 10, 'Minerales Estalactita', 'Parcialmente', '2020-11-09 00:00:00', 132, 9),
(291, 3, 'Bricolajes La Alameda', 'Parcialmente', '2021-04-26 00:00:00', 288, 18),
(292, 11, 'JUMBO', 'Si', '2020-09-09 00:00:00', 333, 18),
(293, 8, 'Cementos El Dorado', 'Si', '2020-08-21 00:00:00', 82, 9),
(294, 4, 'Bricolajes La Alameda', 'Parcialmente', '2020-09-08 00:00:00', 11, 16),
(295, 1, 'Minerales Estalactita', 'Si', '2021-05-13 00:00:00', 362, 6),
(296, 20, 'Bricolajes La Alameda', 'Si', '2020-05-01 00:00:00', 184, 21),
(297, 1, 'Minerales Estalactita', 'No', '2021-05-20 00:00:00', 282, 3),
(298, 19, 'JUMBO', 'No', '2020-08-27 00:00:00', 301, 6),
(299, 19, 'Cementos El Dorado', 'No', '2020-08-20 00:00:00', 169, 17),
(300, 5, 'Bricolajes La Alameda', 'Si', '2021-03-24 00:00:00', 212, 13),
(301, 14, 'JUMBO', 'No', '2020-06-04 00:00:00', 64, 16),
(302, 9, 'Cementos El Dorado', 'Parcialmente', '2021-06-17 00:00:00', 206, 1),
(303, 13, 'JUMBO', 'No', '2021-05-18 00:00:00', 343, 8),
(304, 15, 'Cementos El Dorado', 'Si', '2020-10-01 00:00:00', 39, 5),
(305, 11, 'Homecenter', 'Parcialmente', '2020-10-05 00:00:00', 115, 19),
(306, 3, 'JUMBO', 'Parcialmente', '2021-01-27 00:00:00', 196, 11),
(307, 1, 'Bricolajes La Alameda', 'Parcialmente', '2021-01-05 00:00:00', 99, 16),
(308, 12, 'Minerales Estalactita', 'Si', '2021-03-05 00:00:00', 109, 7),
(309, 3, 'Bricolajes La Alameda', 'Parcialmente', '2020-04-19 00:00:00', 85, 11),
(310, 13, 'JUMBO', 'Si', '2020-08-15 00:00:00', 251, 15),
(311, 18, 'Bricolajes La Alameda', 'Si', '2020-08-18 00:00:00', 367, 12),
(312, 17, 'Minerales Estalactita', 'Parcialmente', '2020-04-05 00:00:00', 285, 19),
(313, 1, 'Bricolajes La Alameda', 'Si', '2020-03-03 00:00:00', 131, 17),
(314, 12, 'Homecenter', 'No', '2020-03-22 00:00:00', 117, 15),
(315, 4, 'JUMBO', 'Si', '2020-09-01 00:00:00', 334, 3),
(316, 13, 'Bricolajes La Alameda', 'Parcialmente', '2021-04-23 00:00:00', 204, 15),
(317, 17, 'Cementos El Dorado', 'Parcialmente', '2020-04-15 00:00:00', 226, 18),
(318, 15, 'Bricolajes La Alameda', 'No', '2020-07-23 00:00:00', 398, 17),
(319, 10, 'Bricolajes La Alameda', 'Parcialmente', '2020-04-23 00:00:00', 217, 21),
(320, 16, 'Minerales Estalactita', 'No', '2020-01-18 00:00:00', 127, 15),
(321, 12, 'Cementos El Dorado', 'No', '2020-02-22 00:00:00', 206, 18),
(322, 18, 'JUMBO', 'Si', '2020-06-17 00:00:00', 298, 7),
(323, 14, 'Homecenter', 'Si', '2021-06-01 00:00:00', 285, 7),
(324, 12, 'JUMBO', 'Parcialmente', '2020-12-14 00:00:00', 252, 19),
(325, 2, 'Cementos El Dorado', 'Si', '2021-05-13 00:00:00', 325, 19),
(326, 19, 'Bricolajes La Alameda', 'Si', '2020-03-16 00:00:00', 300, 10),
(327, 9, 'JUMBO', 'Parcialmente', '2020-12-17 00:00:00', 6, 13),
(328, 6, 'Minerales Estalactita', 'Si', '2020-05-26 00:00:00', 16, 3),
(329, 17, 'Cementos El Dorado', 'Si', '2020-04-21 00:00:00', 38, 19),
(330, 18, 'Homecenter', 'No', '2020-06-25 00:00:00', 24, 20),
(331, 9, 'Homecenter', 'Parcialmente', '2021-02-23 00:00:00', 231, 10),
(332, 12, 'Bricolajes La Alameda', 'No', '2020-09-26 00:00:00', 396, 7),
(333, 6, 'Bricolajes La Alameda', 'No', '2020-05-14 00:00:00', 36, 9),
(334, 13, 'JUMBO', 'Parcialmente', '2020-01-19 00:00:00', 374, 11),
(335, 17, 'Homecenter', 'No', '2020-02-20 00:00:00', 293, 18),
(336, 5, 'JUMBO', 'Parcialmente', '2020-11-22 00:00:00', 264, 15),
(337, 10, 'JUMBO', 'Parcialmente', '2021-03-05 00:00:00', 12, 20),
(338, 6, 'Homecenter', 'Si', '2020-06-16 00:00:00', 128, 5),
(339, 13, 'Cementos El Dorado', 'No', '2020-04-25 00:00:00', 315, 3),
(340, 3, 'Cementos El Dorado', 'Si', '2020-10-06 00:00:00', 60, 11),
(341, 5, 'Bricolajes La Alameda', 'Si', '2020-10-11 00:00:00', 226, 10),
(342, 6, 'JUMBO', 'Parcialmente', '2021-04-24 00:00:00', 394, 9),
(343, 7, 'Bricolajes La Alameda', 'Si', '2021-02-11 00:00:00', 337, 13),
(344, 5, 'JUMBO', 'No', '2020-04-10 00:00:00', 32, 1),
(345, 6, 'Minerales Estalactita', 'Si', '2021-05-11 00:00:00', 150, 7),
(346, 3, 'Cementos El Dorado', 'Parcialmente', '2021-05-06 00:00:00', 364, 15),
(347, 4, 'Cementos El Dorado', 'No', '2021-06-12 00:00:00', 53, 6),
(348, 13, 'JUMBO', 'No', '2020-04-19 00:00:00', 4, 7),
(349, 7, 'JUMBO', 'Si', '2020-06-06 00:00:00', 315, 6),
(350, 12, 'Homecenter', 'Parcialmente', '2020-02-05 00:00:00', 143, 1),
(351, 10, 'JUMBO', 'Si', '2020-06-27 00:00:00', 324, 7),
(352, 18, 'Minerales Estalactita', 'Si', '2021-06-17 00:00:00', 361, 19),
(353, 18, 'Cementos El Dorado', 'No', '2020-08-19 00:00:00', 395, 3),
(354, 16, 'Homecenter', 'No', '2020-02-05 00:00:00', 119, 5),
(355, 11, 'Homecenter', 'No', '2020-06-26 00:00:00', 61, 9),
(356, 10, 'JUMBO', 'Si', '2020-02-07 00:00:00', 152, 1),
(357, 6, 'Homecenter', 'Si', '2021-03-13 00:00:00', 213, 8),
(358, 6, 'Minerales Estalactita', 'No', '2021-02-16 00:00:00', 259, 3),
(359, 13, 'Homecenter', 'Si', '2020-07-07 00:00:00', 254, 20),
(360, 20, 'JUMBO', 'No', '2020-09-13 00:00:00', 204, 18),
(361, 12, 'Bricolajes La Alameda', 'Si', '2020-02-11 00:00:00', 358, 20),
(362, 17, 'Bricolajes La Alameda', 'Si', '2020-02-18 00:00:00', 9, 19),
(363, 6, 'Homecenter', 'No', '2020-10-26 00:00:00', 4, 1),
(364, 19, 'Cementos El Dorado', 'Si', '2020-10-04 00:00:00', 65, 19),
(365, 10, 'Bricolajes La Alameda', 'No', '2020-05-14 00:00:00', 280, 6),
(366, 9, 'Minerales Estalactita', 'Parcialmente', '2020-09-19 00:00:00', 66, 14),
(367, 7, 'JUMBO', 'Si', '2021-06-26 00:00:00', 227, 16),
(368, 20, 'Cementos El Dorado', 'No', '2020-08-03 00:00:00', 284, 21),
(369, 20, 'Minerales Estalactita', 'Si', '2021-03-20 00:00:00', 278, 17),
(370, 11, 'Minerales Estalactita', 'Si', '2020-02-13 00:00:00', 216, 5),
(371, 20, 'Cementos El Dorado', 'Si', '2020-01-01 00:00:00', 213, 1),
(372, 13, 'Bricolajes La Alameda', 'Parcialmente', '2020-06-10 00:00:00', 356, 4),
(373, 1, 'Cementos El Dorado', 'Parcialmente', '2020-12-26 00:00:00', 72, 8),
(374, 16, 'JUMBO', 'Parcialmente', '2021-06-21 00:00:00', 397, 15),
(375, 16, 'JUMBO', 'No', '2020-12-17 00:00:00', 266, 16),
(376, 14, 'Cementos El Dorado', 'No', '2021-05-25 00:00:00', 51, 6),
(377, 6, 'Homecenter', 'Parcialmente', '2021-06-25 00:00:00', 127, 17),
(378, 3, 'Bricolajes La Alameda', 'No', '2020-03-16 00:00:00', 148, 20),
(379, 9, 'Minerales Estalactita', 'No', '2020-08-08 00:00:00', 206, 11),
(380, 6, 'Bricolajes La Alameda', 'Parcialmente', '2020-12-22 00:00:00', 33, 13),
(381, 7, 'Homecenter', 'No', '2020-10-19 00:00:00', 201, 15),
(382, 10, 'JUMBO', 'Si', '2020-12-27 00:00:00', 398, 3),
(383, 1, 'JUMBO', 'No', '2020-11-19 00:00:00', 193, 1),
(384, 18, 'Cementos El Dorado', 'Si', '2020-03-24 00:00:00', 96, 8),
(385, 14, 'Cementos El Dorado', 'Si', '2021-06-23 00:00:00', 245, 21),
(386, 16, 'Minerales Estalactita', 'Parcialmente', '2021-03-25 00:00:00', 150, 21),
(387, 17, 'JUMBO', 'No', '2020-02-28 00:00:00', 17, 18),
(388, 13, 'JUMBO', 'No', '2020-11-22 00:00:00', 300, 6),
(389, 14, 'Cementos El Dorado', 'Si', '2020-01-08 00:00:00', 260, 20),
(390, 19, 'Cementos El Dorado', 'Parcialmente', '2020-04-23 00:00:00', 384, 17),
(391, 4, 'Homecenter', 'Si', '2020-04-07 00:00:00', 398, 1),
(392, 17, 'JUMBO', 'Si', '2020-10-13 00:00:00', 100, 11),
(393, 17, 'JUMBO', 'Parcialmente', '2021-01-08 00:00:00', 75, 2),
(394, 17, 'Minerales Estalactita', 'Parcialmente', '2021-01-10 00:00:00', 128, 8),
(395, 13, 'Minerales Estalactita', 'Si', '2020-09-16 00:00:00', 131, 12),
(396, 16, 'Homecenter', 'Si', '2020-02-10 00:00:00', 287, 12),
(397, 9, 'Bricolajes La Alameda', 'No', '2020-08-19 00:00:00', 22, 20),
(398, 1, 'Homecenter', 'Parcialmente', '2020-01-13 00:00:00', 287, 4),
(399, 8, 'Bricolajes La Alameda', 'Parcialmente', '2020-12-10 00:00:00', 208, 16),
(400, 20, 'JUMBO', 'Parcialmente', '2021-06-15 00:00:00', 119, 14),
(401, 11, 'Cementos El Dorado', 'Parcialmente', '2020-03-20 00:00:00', 12, 3),
(402, 17, 'Minerales Estalactita', 'No', '2021-04-19 00:00:00', 212, 3),
(403, 12, 'JUMBO', 'Si', '2020-01-01 00:00:00', 105, 8),
(404, 20, 'Cementos El Dorado', 'Si', '2020-10-22 00:00:00', 308, 5),
(405, 20, 'Minerales Estalactita', 'Parcialmente', '2020-02-11 00:00:00', 39, 18),
(406, 17, 'JUMBO', 'No', '2020-09-05 00:00:00', 48, 7),
(407, 3, 'Bricolajes La Alameda', 'No', '2020-09-19 00:00:00', 121, 21),
(408, 20, 'Cementos El Dorado', 'No', '2020-01-09 00:00:00', 113, 6),
(409, 18, 'Minerales Estalactita', 'Parcialmente', '2021-02-18 00:00:00', 73, 6),
(410, 18, 'Minerales Estalactita', 'Si', '2020-09-16 00:00:00', 320, 3),
(411, 16, 'Cementos El Dorado', 'Si', '2020-01-03 00:00:00', 225, 15),
(412, 8, 'Homecenter', 'Parcialmente', '2021-06-01 00:00:00', 311, 20),
(413, 1, 'Homecenter', 'Si', '2021-04-08 00:00:00', 138, 13),
(414, 17, 'Minerales Estalactita', 'Si', '2021-02-24 00:00:00', 302, 21),
(415, 15, 'Homecenter', 'Si', '2020-10-15 00:00:00', 275, 20),
(416, 20, 'Bricolajes La Alameda', 'No', '2020-10-28 00:00:00', 133, 5),
(417, 19, 'Homecenter', 'Parcialmente', '2021-02-02 00:00:00', 206, 12),
(418, 6, 'JUMBO', 'Parcialmente', '2021-04-05 00:00:00', 1, 5),
(419, 20, 'Minerales Estalactita', 'Parcialmente', '2020-07-20 00:00:00', 9, 1),
(420, 7, 'Homecenter', 'Parcialmente', '2020-09-11 00:00:00', 306, 12),
(421, 12, 'Cementos El Dorado', 'No', '2020-10-25 00:00:00', 5, 3),
(422, 19, 'Cementos El Dorado', 'Si', '2021-04-07 00:00:00', 171, 16),
(423, 1, 'Bricolajes La Alameda', 'No', '2020-12-06 00:00:00', 176, 13),
(424, 4, 'Cementos El Dorado', 'No', '2020-02-15 00:00:00', 302, 11),
(425, 2, 'Cementos El Dorado', 'No', '2021-01-24 00:00:00', 115, 3),
(426, 14, 'Cementos El Dorado', 'Parcialmente', '2020-09-20 00:00:00', 79, 8),
(427, 18, 'Minerales Estalactita', 'No', '2021-05-16 00:00:00', 351, 5),
(428, 2, 'JUMBO', 'No', '2020-01-18 00:00:00', 88, 17),
(429, 2, 'Homecenter', 'Parcialmente', '2020-06-18 00:00:00', 307, 12),
(430, 11, 'Minerales Estalactita', 'Si', '2020-04-16 00:00:00', 119, 21),
(431, 3, 'Cementos El Dorado', 'Si', '2021-04-03 00:00:00', 169, 17),
(432, 16, 'JUMBO', 'Parcialmente', '2020-11-22 00:00:00', 220, 6),
(433, 1, 'Homecenter', 'Si', '2020-08-20 00:00:00', 380, 17),
(434, 12, 'Homecenter', 'Parcialmente', '2020-08-14 00:00:00', 63, 6),
(435, 6, 'Cementos El Dorado', 'No', '2020-08-22 00:00:00', 12, 12),
(436, 15, 'Bricolajes La Alameda', 'Parcialmente', '2020-04-05 00:00:00', 321, 3),
(437, 10, 'JUMBO', 'No', '2020-06-13 00:00:00', 154, 15),
(438, 9, 'Minerales Estalactita', 'Parcialmente', '2020-12-04 00:00:00', 246, 5),
(439, 13, 'Minerales Estalactita', 'No', '2020-06-13 00:00:00', 297, 2),
(440, 17, 'Homecenter', 'No', '2020-10-21 00:00:00', 224, 11),
(441, 16, 'Minerales Estalactita', 'Si', '2020-04-13 00:00:00', 336, 15),
(442, 20, 'Minerales Estalactita', 'No', '2020-01-16 00:00:00', 167, 20),
(443, 5, 'Minerales Estalactita', 'No', '2021-06-14 00:00:00', 395, 13),
(444, 2, 'Homecenter', 'No', '2021-05-27 00:00:00', 181, 10),
(445, 7, 'Homecenter', 'No', '2020-05-08 00:00:00', 323, 18),
(446, 10, 'Homecenter', 'Si', '2021-04-12 00:00:00', 158, 4),
(447, 20, 'Bricolajes La Alameda', 'Si', '2021-01-10 00:00:00', 76, 9),
(448, 5, 'Cementos El Dorado', 'Parcialmente', '2021-04-09 00:00:00', 18, 16),
(449, 10, 'JUMBO', 'Si', '2021-02-13 00:00:00', 59, 5),
(450, 1, 'Bricolajes La Alameda', 'Si', '2020-07-22 00:00:00', 334, 10),
(451, 11, 'Homecenter', 'Si', '2021-06-19 00:00:00', 124, 4),
(452, 12, 'Homecenter', 'Si', '2021-06-10 00:00:00', 208, 6),
(453, 8, 'Homecenter', 'No', '2020-04-21 00:00:00', 254, 14),
(454, 3, 'JUMBO', 'Parcialmente', '2020-07-09 00:00:00', 18, 1),
(455, 10, 'Cementos El Dorado', 'No', '2020-11-25 00:00:00', 215, 14),
(456, 10, 'Minerales Estalactita', 'Si', '2020-07-10 00:00:00', 323, 10),
(457, 15, 'JUMBO', 'No', '2021-04-08 00:00:00', 273, 9),
(458, 6, 'JUMBO', 'No', '2020-11-02 00:00:00', 338, 15),
(459, 6, 'Bricolajes La Alameda', 'Si', '2021-05-07 00:00:00', 97, 9),
(460, 16, 'Homecenter', 'Parcialmente', '2021-04-08 00:00:00', 20, 6),
(461, 12, 'Bricolajes La Alameda', 'Parcialmente', '2020-06-16 00:00:00', 178, 12),
(462, 13, 'Bricolajes La Alameda', 'No', '2020-07-15 00:00:00', 185, 3),
(463, 9, 'Cementos El Dorado', 'Si', '2020-06-19 00:00:00', 278, 16),
(464, 14, 'Bricolajes La Alameda', 'Parcialmente', '2020-07-05 00:00:00', 107, 12),
(465, 7, 'Cementos El Dorado', 'Si', '2020-03-10 00:00:00', 15, 1),
(466, 17, 'Cementos El Dorado', 'No', '2021-06-02 00:00:00', 57, 1),
(467, 12, 'Cementos El Dorado', 'Si', '2020-01-08 00:00:00', 262, 21),
(468, 5, 'Minerales Estalactita', 'No', '2021-06-03 00:00:00', 227, 7),
(469, 2, 'Homecenter', 'No', '2021-06-20 00:00:00', 12, 2),
(470, 6, 'Cementos El Dorado', 'No', '2021-02-21 00:00:00', 281, 15),
(471, 2, 'Bricolajes La Alameda', 'Si', '2020-06-21 00:00:00', 198, 17),
(472, 6, 'JUMBO', 'No', '2021-06-26 00:00:00', 374, 5),
(473, 17, 'Minerales Estalactita', 'Parcialmente', '2020-02-23 00:00:00', 337, 16),
(474, 4, 'Homecenter', 'Parcialmente', '2020-04-07 00:00:00', 65, 20),
(475, 19, 'Minerales Estalactita', 'Parcialmente', '2020-05-04 00:00:00', 162, 12),
(476, 7, 'Minerales Estalactita', 'Parcialmente', '2021-05-28 00:00:00', 370, 18),
(477, 7, 'Homecenter', 'Parcialmente', '2020-02-23 00:00:00', 338, 2),
(478, 20, 'Homecenter', 'No', '2021-02-03 00:00:00', 5, 11),
(479, 18, 'Cementos El Dorado', 'No', '2020-11-27 00:00:00', 150, 2),
(480, 13, 'JUMBO', 'Si', '2020-08-06 00:00:00', 382, 2),
(481, 3, 'Cementos El Dorado', 'Si', '2021-01-14 00:00:00', 72, 12),
(482, 20, 'Minerales Estalactita', 'No', '2021-04-06 00:00:00', 197, 8),
(483, 15, 'Minerales Estalactita', 'Parcialmente', '2020-12-08 00:00:00', 153, 14),
(484, 11, 'JUMBO', 'Si', '2021-03-04 00:00:00', 27, 7),
(485, 9, 'Homecenter', 'Parcialmente', '2020-04-19 00:00:00', 211, 15),
(486, 4, 'JUMBO', 'Parcialmente', '2020-03-02 00:00:00', 29, 1),
(487, 18, 'Bricolajes La Alameda', 'No', '2020-12-20 00:00:00', 86, 16),
(488, 8, 'JUMBO', 'No', '2020-10-25 00:00:00', 386, 4),
(489, 5, 'Minerales Estalactita', 'Parcialmente', '2020-08-19 00:00:00', 161, 2),
(490, 8, 'Homecenter', 'Parcialmente', '2020-04-14 00:00:00', 53, 4),
(491, 10, 'Minerales Estalactita', 'Si', '2020-05-07 00:00:00', 320, 15),
(492, 7, 'Cementos El Dorado', 'No', '2021-02-23 00:00:00', 347, 7),
(493, 13, 'Homecenter', 'No', '2021-04-12 00:00:00', 350, 13),
(494, 16, 'Bricolajes La Alameda', 'Parcialmente', '2020-10-02 00:00:00', 84, 7),
(495, 7, 'Bricolajes La Alameda', 'Si', '2020-10-28 00:00:00', 52, 8),
(496, 2, 'Homecenter', 'No', '2020-01-15 00:00:00', 207, 17),
(497, 11, 'Cementos El Dorado', 'Parcialmente', '2020-04-20 00:00:00', 358, 13),
(498, 14, 'JUMBO', 'Parcialmente', '2020-06-05 00:00:00', 244, 20),
(499, 13, 'Homecenter', 'Parcialmente', '2021-03-06 00:00:00', 239, 5),
(500, 6, 'Homecenter', 'Si', '2020-04-08 00:00:00', 314, 2),
(501, 18, 'Minerales Estalactita', 'No', '2020-01-21 00:00:00', 87, 6),
(502, 18, 'Homecenter', 'No', '2020-02-10 00:00:00', 132, 17),
(503, 20, 'Homecenter', 'Parcialmente', '2021-01-26 00:00:00', 140, 12),
(504, 13, 'Minerales Estalactita', 'Si', '2020-12-05 00:00:00', 192, 3),
(505, 5, 'Cementos El Dorado', 'Parcialmente', '2021-05-04 00:00:00', 141, 7),
(506, 9, 'Minerales Estalactita', 'Si', '2020-06-17 00:00:00', 265, 6),
(507, 9, 'Bricolajes La Alameda', 'Parcialmente', '2020-04-26 00:00:00', 209, 16),
(508, 19, 'Homecenter', 'Si', '2020-03-17 00:00:00', 266, 3),
(509, 14, 'Minerales Estalactita', 'No', '2020-03-15 00:00:00', 338, 20),
(510, 11, 'Cementos El Dorado', 'Parcialmente', '2020-11-21 00:00:00', 101, 6),
(511, 3, 'JUMBO', 'Si', '2021-01-11 00:00:00', 219, 2),
(512, 18, 'Cementos El Dorado', 'No', '2020-06-23 00:00:00', 14, 4),
(513, 16, 'Bricolajes La Alameda', 'No', '2021-02-09 00:00:00', 331, 20),
(514, 11, 'Minerales Estalactita', 'Si', '2020-01-13 00:00:00', 354, 21),
(515, 10, 'JUMBO', 'Si', '2020-06-19 00:00:00', 312, 18),
(516, 12, 'Homecenter', 'Parcialmente', '2020-12-27 00:00:00', 301, 17),
(517, 5, 'Bricolajes La Alameda', 'Parcialmente', '2020-10-11 00:00:00', 229, 19),
(518, 14, 'JUMBO', 'Parcialmente', '2021-05-05 00:00:00', 394, 6),
(519, 7, 'Cementos El Dorado', 'No', '2020-07-20 00:00:00', 76, 6),
(520, 10, 'Cementos El Dorado', 'Parcialmente', '2020-07-23 00:00:00', 199, 7),
(521, 11, 'Homecenter', 'No', '2020-10-19 00:00:00', 353, 1),
(522, 14, 'JUMBO', 'No', '2020-06-23 00:00:00', 171, 4),
(523, 17, 'Minerales Estalactita', 'Parcialmente', '2020-12-15 00:00:00', 21, 10),
(524, 5, 'Homecenter', 'No', '2021-03-05 00:00:00', 4, 21),
(525, 9, 'Homecenter', 'No', '2020-12-25 00:00:00', 293, 14),
(526, 11, 'Minerales Estalactita', 'No', '2021-05-16 00:00:00', 350, 10),
(527, 7, 'JUMBO', 'No', '2020-09-17 00:00:00', 225, 18),
(528, 4, 'Minerales Estalactita', 'No', '2021-06-10 00:00:00', 331, 8),
(529, 14, 'Bricolajes La Alameda', 'Si', '2021-01-04 00:00:00', 291, 17),
(530, 16, 'Minerales Estalactita', 'No', '2021-04-26 00:00:00', 322, 7),
(531, 11, 'JUMBO', 'No', '2020-06-24 00:00:00', 240, 5),
(532, 19, 'JUMBO', 'Parcialmente', '2020-11-24 00:00:00', 367, 9),
(533, 12, 'JUMBO', 'No', '2020-12-13 00:00:00', 145, 11),
(534, 13, 'Homecenter', 'Parcialmente', '2020-09-20 00:00:00', 226, 3),
(535, 5, 'Bricolajes La Alameda', 'Si', '2021-04-03 00:00:00', 65, 2),
(536, 3, 'Minerales Estalactita', 'Parcialmente', '2021-02-26 00:00:00', 38, 21),
(537, 1, 'Minerales Estalactita', 'Si', '2020-01-03 00:00:00', 98, 14),
(538, 5, 'JUMBO', 'Parcialmente', '2020-05-15 00:00:00', 285, 20),
(539, 14, 'Homecenter', 'No', '2020-12-07 00:00:00', 66, 20),
(540, 15, 'JUMBO', 'Si', '2021-05-22 00:00:00', 236, 11),
(541, 8, 'JUMBO', 'Si', '2021-01-08 00:00:00', 384, 17),
(542, 12, 'Minerales Estalactita', 'Parcialmente', '2021-03-16 00:00:00', 257, 8),
(543, 9, 'Minerales Estalactita', 'No', '2020-06-20 00:00:00', 18, 1),
(544, 2, 'Homecenter', 'Si', '2020-12-01 00:00:00', 323, 15),
(545, 16, 'Homecenter', 'No', '2021-05-07 00:00:00', 339, 21),
(546, 16, 'JUMBO', 'Si', '2021-05-14 00:00:00', 305, 6),
(547, 14, 'Minerales Estalactita', 'No', '2020-05-22 00:00:00', 253, 16),
(548, 13, 'Minerales Estalactita', 'No', '2021-02-10 00:00:00', 16, 11),
(549, 8, 'Bricolajes La Alameda', 'Parcialmente', '2020-05-04 00:00:00', 210, 21),
(550, 2, 'Bricolajes La Alameda', 'Parcialmente', '2021-04-16 00:00:00', 11, 15),
(551, 14, 'Minerales Estalactita', 'No', '2020-12-20 00:00:00', 345, 13),
(552, 2, 'Cementos El Dorado', 'Parcialmente', '2021-03-15 00:00:00', 186, 6),
(553, 20, 'Bricolajes La Alameda', 'Si', '2021-06-24 00:00:00', 25, 14),
(554, 1, 'Homecenter', 'No', '2020-12-11 00:00:00', 147, 15),
(555, 13, 'Homecenter', 'No', '2021-06-02 00:00:00', 296, 7),
(556, 6, 'Bricolajes La Alameda', 'Parcialmente', '2021-05-04 00:00:00', 111, 10),
(557, 9, 'Homecenter', 'Parcialmente', '2020-09-20 00:00:00', 8, 9),
(558, 20, 'Cementos El Dorado', 'No', '2020-02-09 00:00:00', 69, 6),
(559, 20, 'Minerales Estalactita', 'Si', '2020-01-11 00:00:00', 209, 8),
(560, 13, 'Cementos El Dorado', 'Parcialmente', '2020-06-05 00:00:00', 379, 5),
(561, 1, 'Minerales Estalactita', 'Si', '2020-12-01 00:00:00', 358, 18),
(562, 19, 'Minerales Estalactita', 'No', '2020-10-28 00:00:00', 295, 5),
(563, 4, 'Minerales Estalactita', 'No', '2021-04-08 00:00:00', 356, 7),
(564, 6, 'JUMBO', 'No', '2020-07-13 00:00:00', 99, 5),
(565, 8, 'Minerales Estalactita', 'Parcialmente', '2020-12-16 00:00:00', 253, 1),
(566, 1, 'Bricolajes La Alameda', 'Si', '2020-01-04 00:00:00', 295, 1),
(567, 17, 'Minerales Estalactita', 'Si', '2020-02-21 00:00:00', 31, 4),
(568, 18, 'Minerales Estalactita', 'No', '2020-05-17 00:00:00', 53, 15),
(569, 12, 'JUMBO', 'Si', '2020-01-19 00:00:00', 75, 18),
(570, 1, 'Bricolajes La Alameda', 'Si', '2021-03-28 00:00:00', 78, 6),
(571, 4, 'Homecenter', 'Parcialmente', '2020-04-23 00:00:00', 334, 17),
(572, 17, 'Bricolajes La Alameda', 'Si', '2020-08-03 00:00:00', 201, 4),
(573, 7, 'Cementos El Dorado', 'Parcialmente', '2020-01-22 00:00:00', 300, 2),
(574, 11, 'Minerales Estalactita', 'Si', '2020-06-22 00:00:00', 184, 16),
(575, 16, 'Minerales Estalactita', 'No', '2021-02-09 00:00:00', 179, 13),
(576, 15, 'JUMBO', 'Parcialmente', '2020-06-25 00:00:00', 292, 10),
(577, 15, 'Minerales Estalactita', 'Parcialmente', '2020-03-23 00:00:00', 311, 21),
(578, 6, 'JUMBO', 'Si', '2020-04-19 00:00:00', 231, 9),
(579, 2, 'Homecenter', 'Si', '2020-07-27 00:00:00', 45, 18),
(580, 12, 'Cementos El Dorado', 'Si', '2020-09-08 00:00:00', 287, 15),
(581, 12, 'Minerales Estalactita', 'No', '2020-04-02 00:00:00', 140, 18),
(582, 16, 'Bricolajes La Alameda', 'No', '2020-01-14 00:00:00', 178, 4),
(583, 19, 'Minerales Estalactita', 'Parcialmente', '2021-04-13 00:00:00', 104, 14),
(584, 3, 'Minerales Estalactita', 'Parcialmente', '2020-11-17 00:00:00', 349, 19),
(585, 1, 'Minerales Estalactita', 'Parcialmente', '2020-06-23 00:00:00', 190, 18),
(586, 7, 'JUMBO', 'Si', '2021-04-21 00:00:00', 67, 19),
(587, 6, 'Cementos El Dorado', 'Parcialmente', '2020-08-09 00:00:00', 97, 15),
(588, 20, 'Minerales Estalactita', 'Si', '2021-06-21 00:00:00', 240, 17),
(589, 16, 'Bricolajes La Alameda', 'No', '2021-06-09 00:00:00', 146, 21),
(590, 11, 'Cementos El Dorado', 'No', '2020-11-09 00:00:00', 341, 10),
(591, 14, 'Minerales Estalactita', 'Parcialmente', '2021-05-19 00:00:00', 111, 2),
(592, 11, 'JUMBO', 'No', '2020-11-13 00:00:00', 347, 11),
(593, 16, 'Minerales Estalactita', 'Parcialmente', '2020-07-28 00:00:00', 139, 19),
(594, 17, 'Minerales Estalactita', 'Parcialmente', '2020-09-12 00:00:00', 62, 19),
(595, 7, 'Minerales Estalactita', 'No', '2021-02-18 00:00:00', 73, 4),
(596, 14, 'Cementos El Dorado', 'Parcialmente', '2020-11-03 00:00:00', 395, 20),
(597, 4, 'Homecenter', 'Si', '2020-01-09 00:00:00', 304, 11),
(598, 6, 'Bricolajes La Alameda', 'Si', '2020-09-17 00:00:00', 360, 20),
(599, 7, 'Cementos El Dorado', 'Parcialmente', '2021-05-07 00:00:00', 18, 1),
(600, 18, 'Bricolajes La Alameda', 'Parcialmente', '2020-11-13 00:00:00', 16, 10),
(601, 11, 'Bricolajes La Alameda', 'No', '2020-09-16 00:00:00', 134, 13),
(602, 2, 'Bricolajes La Alameda', 'No', '2021-04-15 00:00:00', 171, 14),
(603, 4, 'Minerales Estalactita', 'Si', '2020-10-05 00:00:00', 301, 3),
(604, 19, 'Minerales Estalactita', 'No', '2021-02-17 00:00:00', 179, 21),
(605, 4, 'Bricolajes La Alameda', 'Si', '2020-10-07 00:00:00', 252, 2),
(606, 14, 'Cementos El Dorado', 'Parcialmente', '2020-06-23 00:00:00', 343, 18),
(607, 9, 'Minerales Estalactita', 'Parcialmente', '2020-01-06 00:00:00', 96, 20),
(608, 13, 'Bricolajes La Alameda', 'Si', '2020-04-10 00:00:00', 356, 21),
(609, 8, 'Bricolajes La Alameda', 'Parcialmente', '2020-08-16 00:00:00', 383, 9),
(610, 4, 'Minerales Estalactita', 'Parcialmente', '2021-05-20 00:00:00', 258, 11),
(611, 7, 'JUMBO', 'Parcialmente', '2021-01-10 00:00:00', 209, 5),
(612, 14, 'JUMBO', 'Parcialmente', '2020-05-05 00:00:00', 106, 19),
(613, 2, 'Cementos El Dorado', 'Parcialmente', '2021-06-05 00:00:00', 178, 16),
(614, 17, 'JUMBO', 'Si', '2020-07-13 00:00:00', 268, 10),
(615, 1, 'Cementos El Dorado', 'No', '2020-06-15 00:00:00', 354, 5),
(616, 13, 'Homecenter', 'No', '2021-04-18 00:00:00', 23, 11),
(617, 3, 'Minerales Estalactita', 'Parcialmente', '2021-02-28 00:00:00', 40, 14),
(618, 14, 'Bricolajes La Alameda', 'Si', '2020-12-28 00:00:00', 377, 12),
(619, 19, 'Minerales Estalactita', 'No', '2021-03-12 00:00:00', 52, 14),
(620, 5, 'JUMBO', 'Parcialmente', '2020-08-27 00:00:00', 118, 1),
(621, 6, 'Minerales Estalactita', 'No', '2021-04-22 00:00:00', 32, 2),
(622, 9, 'JUMBO', 'No', '2020-05-12 00:00:00', 305, 17),
(623, 11, 'Homecenter', 'Parcialmente', '2021-02-10 00:00:00', 171, 1),
(624, 1, 'JUMBO', 'Parcialmente', '2020-11-05 00:00:00', 236, 21),
(625, 15, 'Bricolajes La Alameda', 'Si', '2020-05-14 00:00:00', 360, 4),
(626, 19, 'Cementos El Dorado', 'Parcialmente', '2020-12-20 00:00:00', 398, 4),
(627, 14, 'Cementos El Dorado', 'No', '2020-02-21 00:00:00', 366, 12),
(628, 4, 'Minerales Estalactita', 'Parcialmente', '2021-06-15 00:00:00', 360, 6),
(629, 6, 'JUMBO', 'No', '2021-05-20 00:00:00', 96, 20),
(630, 2, 'Homecenter', 'Si', '2020-09-18 00:00:00', 113, 16),
(631, 19, 'Cementos El Dorado', 'Si', '2020-03-26 00:00:00', 290, 17),
(632, 11, 'Bricolajes La Alameda', 'No', '2020-01-13 00:00:00', 18, 1),
(633, 3, 'Cementos El Dorado', 'No', '2020-01-24 00:00:00', 226, 12),
(634, 1, 'Homecenter', 'Si', '2021-03-13 00:00:00', 87, 12),
(635, 6, 'Cementos El Dorado', 'Si', '2020-11-15 00:00:00', 57, 16),
(636, 4, 'JUMBO', 'Si', '2020-07-06 00:00:00', 275, 19),
(637, 1, 'Minerales Estalactita', 'No', '2021-05-16 00:00:00', 171, 2),
(638, 2, 'Cementos El Dorado', 'No', '2020-07-24 00:00:00', 85, 16),
(639, 17, 'Cementos El Dorado', 'Parcialmente', '2020-08-21 00:00:00', 277, 21),
(640, 18, 'Minerales Estalactita', 'Parcialmente', '2020-01-26 00:00:00', 186, 8),
(641, 18, 'Bricolajes La Alameda', 'Si', '2021-04-10 00:00:00', 133, 8),
(642, 15, 'Cementos El Dorado', 'Parcialmente', '2020-05-19 00:00:00', 139, 16),
(643, 9, 'Minerales Estalactita', 'Parcialmente', '2020-07-11 00:00:00', 378, 12),
(644, 7, 'JUMBO', 'Parcialmente', '2020-02-06 00:00:00', 236, 20),
(645, 18, 'Bricolajes La Alameda', 'No', '2021-02-09 00:00:00', 93, 9),
(646, 2, 'Bricolajes La Alameda', 'No', '2020-03-27 00:00:00', 378, 4),
(647, 6, 'Minerales Estalactita', 'Parcialmente', '2020-07-11 00:00:00', 243, 16),
(648, 17, 'Bricolajes La Alameda', 'Si', '2020-10-27 00:00:00', 189, 11),
(649, 18, 'Cementos El Dorado', 'Parcialmente', '2021-02-03 00:00:00', 113, 6),
(650, 4, 'Minerales Estalactita', 'No', '2020-12-11 00:00:00', 339, 5),
(651, 10, 'Bricolajes La Alameda', 'Parcialmente', '2020-07-01 00:00:00', 49, 1),
(652, 7, 'Homecenter', 'Parcialmente', '2020-04-25 00:00:00', 45, 16),
(653, 4, 'JUMBO', 'Parcialmente', '2020-07-15 00:00:00', 120, 20),
(654, 11, 'Homecenter', 'Parcialmente', '2020-11-15 00:00:00', 326, 14),
(655, 9, 'Bricolajes La Alameda', 'Si', '2020-01-02 00:00:00', 131, 16),
(656, 16, 'Cementos El Dorado', 'Si', '2020-02-06 00:00:00', 211, 14),
(657, 3, 'Cementos El Dorado', 'Parcialmente', '2021-03-10 00:00:00', 348, 8),
(658, 4, 'Homecenter', 'Si', '2020-07-23 00:00:00', 150, 13),
(659, 8, 'Homecenter', 'No', '2021-03-08 00:00:00', 332, 7),
(660, 4, 'JUMBO', 'Parcialmente', '2021-02-24 00:00:00', 114, 19),
(661, 14, 'Homecenter', 'Si', '2021-05-16 00:00:00', 195, 10),
(662, 19, 'Homecenter', 'Parcialmente', '2020-06-25 00:00:00', 274, 15),
(663, 20, 'Homecenter', 'Si', '2021-06-03 00:00:00', 145, 11),
(664, 11, 'Homecenter', 'Si', '2021-01-28 00:00:00', 81, 6),
(665, 3, 'Homecenter', 'No', '2020-12-28 00:00:00', 47, 2),
(666, 14, 'Cementos El Dorado', 'Parcialmente', '2020-02-21 00:00:00', 214, 20),
(667, 10, 'Homecenter', 'Parcialmente', '2020-03-17 00:00:00', 43, 3),
(668, 6, 'Minerales Estalactita', 'Parcialmente', '2021-03-20 00:00:00', 312, 4),
(669, 14, 'Minerales Estalactita', 'No', '2020-10-13 00:00:00', 276, 12),
(670, 19, 'Bricolajes La Alameda', 'Si', '2020-08-09 00:00:00', 375, 5),
(671, 10, 'JUMBO', 'Si', '2020-01-23 00:00:00', 57, 9),
(672, 12, 'JUMBO', 'Si', '2021-03-03 00:00:00', 120, 15),
(673, 5, 'Cementos El Dorado', 'Parcialmente', '2020-01-04 00:00:00', 400, 10),
(674, 7, 'Minerales Estalactita', 'Parcialmente', '2020-04-24 00:00:00', 375, 18),
(675, 6, 'Cementos El Dorado', 'Si', '2020-11-19 00:00:00', 323, 5),
(676, 17, 'JUMBO', 'Parcialmente', '2020-06-22 00:00:00', 372, 3),
(677, 4, 'Homecenter', 'No', '2020-03-27 00:00:00', 1, 16),
(678, 9, 'Minerales Estalactita', 'No', '2020-09-05 00:00:00', 90, 4),
(679, 7, 'Bricolajes La Alameda', 'Si', '2020-09-07 00:00:00', 176, 19),
(680, 19, 'JUMBO', 'No', '2020-03-13 00:00:00', 160, 21),
(681, 18, 'Cementos El Dorado', 'No', '2021-02-12 00:00:00', 29, 11),
(682, 13, 'JUMBO', 'Si', '2021-04-06 00:00:00', 90, 2),
(683, 6, 'JUMBO', 'Parcialmente', '2020-10-22 00:00:00', 235, 11),
(684, 11, 'Cementos El Dorado', 'Si', '2021-02-14 00:00:00', 381, 17),
(685, 13, 'Homecenter', 'No', '2020-09-23 00:00:00', 97, 1),
(686, 7, 'Homecenter', 'No', '2020-09-21 00:00:00', 91, 1),
(687, 17, 'Cementos El Dorado', 'Parcialmente', '2020-07-26 00:00:00', 47, 18),
(688, 17, 'Cementos El Dorado', 'No', '2021-05-11 00:00:00', 293, 13),
(689, 19, 'Minerales Estalactita', 'Si', '2020-07-16 00:00:00', 386, 13),
(690, 5, 'Minerales Estalactita', 'No', '2021-01-28 00:00:00', 381, 2),
(691, 20, 'JUMBO', 'Parcialmente', '2020-12-03 00:00:00', 228, 8),
(692, 9, 'Minerales Estalactita', 'Si', '2020-08-24 00:00:00', 28, 3),
(693, 20, 'JUMBO', 'Si', '2020-10-13 00:00:00', 267, 19),
(694, 13, 'Homecenter', 'No', '2021-02-15 00:00:00', 43, 12),
(695, 8, 'JUMBO', 'Parcialmente', '2021-04-04 00:00:00', 9, 18),
(696, 13, 'Cementos El Dorado', 'No', '2020-03-28 00:00:00', 229, 14),
(697, 20, 'Minerales Estalactita', 'Parcialmente', '2020-05-06 00:00:00', 333, 9),
(698, 1, 'Minerales Estalactita', 'No', '2020-06-13 00:00:00', 130, 9),
(699, 4, 'Cementos El Dorado', 'Parcialmente', '2020-12-05 00:00:00', 290, 4),
(700, 20, 'Cementos El Dorado', 'Si', '2020-06-05 00:00:00', 305, 17),
(701, 3, 'Homecenter', 'No', '2020-10-22 00:00:00', 363, 7),
(702, 7, 'JUMBO', 'No', '2020-08-19 00:00:00', 19, 11),
(703, 5, 'Bricolajes La Alameda', 'Si', '2020-10-01 00:00:00', 68, 21),
(704, 12, 'Minerales Estalactita', 'Parcialmente', '2020-12-12 00:00:00', 262, 17),
(705, 9, 'Bricolajes La Alameda', 'Si', '2021-03-21 00:00:00', 340, 9),
(706, 15, 'JUMBO', 'No', '2020-10-26 00:00:00', 363, 20),
(707, 6, 'Cementos El Dorado', 'No', '2020-11-09 00:00:00', 272, 10),
(708, 18, 'Homecenter', 'Parcialmente', '2020-06-04 00:00:00', 308, 17),
(709, 7, 'Homecenter', 'Parcialmente', '2020-02-27 00:00:00', 84, 7),
(710, 18, 'Minerales Estalactita', 'No', '2020-12-21 00:00:00', 295, 17),
(711, 13, 'Bricolajes La Alameda', 'Si', '2020-09-13 00:00:00', 166, 15),
(712, 4, 'JUMBO', 'Si', '2020-10-26 00:00:00', 230, 10),
(713, 2, 'JUMBO', 'Si', '2021-03-21 00:00:00', 205, 10),
(714, 16, 'Bricolajes La Alameda', 'Parcialmente', '2020-07-16 00:00:00', 335, 11),
(715, 6, 'JUMBO', 'Parcialmente', '2020-07-19 00:00:00', 337, 15),
(716, 15, 'Cementos El Dorado', 'No', '2020-03-22 00:00:00', 396, 13),
(717, 1, 'Cementos El Dorado', 'No', '2020-12-18 00:00:00', 205, 4),
(718, 11, 'Minerales Estalactita', 'Si', '2021-01-22 00:00:00', 364, 6),
(719, 6, 'Cementos El Dorado', 'No', '2020-12-21 00:00:00', 95, 4),
(720, 19, 'Homecenter', 'Si', '2021-04-10 00:00:00', 381, 1),
(721, 14, 'Bricolajes La Alameda', 'Si', '2021-01-28 00:00:00', 315, 19),
(722, 20, 'Homecenter', 'No', '2020-07-03 00:00:00', 275, 19),
(723, 4, 'JUMBO', 'Si', '2020-11-09 00:00:00', 336, 18),
(724, 19, 'Bricolajes La Alameda', 'No', '2021-06-07 00:00:00', 85, 13),
(725, 14, 'Bricolajes La Alameda', 'Parcialmente', '2020-02-18 00:00:00', 396, 20),
(726, 10, 'Minerales Estalactita', 'Si', '2021-03-06 00:00:00', 277, 7),
(727, 10, 'Minerales Estalactita', 'Si', '2020-12-03 00:00:00', 318, 2),
(728, 20, 'Homecenter', 'No', '2021-06-03 00:00:00', 16, 14),
(729, 1, 'JUMBO', 'Parcialmente', '2020-06-12 00:00:00', 269, 11),
(730, 9, 'Cementos El Dorado', 'No', '2021-03-25 00:00:00', 59, 8),
(731, 4, 'Bricolajes La Alameda', 'Parcialmente', '2021-05-20 00:00:00', 280, 14),
(732, 4, 'Bricolajes La Alameda', 'Parcialmente', '2020-06-05 00:00:00', 98, 11),
(733, 10, 'Cementos El Dorado', 'Si', '2020-01-10 00:00:00', 147, 10);
INSERT INTO `Compra` (`ID_Compra`, `Cantidad`, `Proveedor`, `Pagado`, `Fecha`, `ID_Proyecto`, `ID_MaterialConstruccion`) VALUES
(734, 8, 'Bricolajes La Alameda', 'Parcialmente', '2020-06-24 00:00:00', 120, 21),
(735, 18, 'JUMBO', 'Parcialmente', '2020-04-17 00:00:00', 131, 7),
(736, 2, 'JUMBO', 'Parcialmente', '2021-02-08 00:00:00', 353, 21),
(737, 7, 'Cementos El Dorado', 'No', '2020-03-07 00:00:00', 160, 7),
(738, 15, 'Minerales Estalactita', 'Si', '2020-12-17 00:00:00', 323, 17),
(739, 18, 'Bricolajes La Alameda', 'No', '2020-12-24 00:00:00', 45, 20),
(740, 5, 'Minerales Estalactita', 'Si', '2020-08-23 00:00:00', 279, 3),
(741, 20, 'JUMBO', 'No', '2020-03-11 00:00:00', 283, 5),
(742, 3, 'Cementos El Dorado', 'Si', '2020-05-28 00:00:00', 384, 5),
(743, 10, 'Bricolajes La Alameda', 'Si', '2021-01-06 00:00:00', 59, 4),
(744, 3, 'Minerales Estalactita', 'Parcialmente', '2020-09-18 00:00:00', 244, 19),
(745, 7, 'JUMBO', 'Si', '2021-04-03 00:00:00', 142, 10),
(746, 2, 'Minerales Estalactita', 'No', '2020-09-17 00:00:00', 133, 4),
(747, 9, 'JUMBO', 'Si', '2021-01-10 00:00:00', 377, 13),
(748, 7, 'JUMBO', 'Si', '2020-04-13 00:00:00', 70, 13),
(749, 16, 'Cementos El Dorado', 'Si', '2021-02-01 00:00:00', 172, 5),
(750, 4, 'JUMBO', 'No', '2020-08-18 00:00:00', 133, 19),
(751, 3, 'Homecenter', 'Si', '2021-02-26 00:00:00', 15, 13),
(752, 7, 'JUMBO', 'Parcialmente', '2020-08-17 00:00:00', 228, 18),
(753, 16, 'Bricolajes La Alameda', 'No', '2021-05-20 00:00:00', 335, 15),
(754, 17, 'Minerales Estalactita', 'Parcialmente', '2020-11-02 00:00:00', 317, 6),
(755, 19, 'Minerales Estalactita', 'Si', '2020-06-12 00:00:00', 158, 5),
(756, 9, 'Homecenter', 'No', '2020-07-09 00:00:00', 343, 5),
(757, 4, 'Cementos El Dorado', 'Si', '2020-05-15 00:00:00', 168, 19),
(758, 8, 'JUMBO', 'No', '2020-08-08 00:00:00', 219, 6),
(759, 2, 'Minerales Estalactita', 'No', '2021-02-21 00:00:00', 324, 19),
(760, 6, 'Homecenter', 'Parcialmente', '2021-03-22 00:00:00', 81, 17),
(761, 6, 'Homecenter', 'No', '2021-06-20 00:00:00', 372, 9),
(762, 15, 'Minerales Estalactita', 'Si', '2020-05-24 00:00:00', 121, 4),
(763, 15, 'Bricolajes La Alameda', 'No', '2020-11-06 00:00:00', 171, 16),
(764, 3, 'Cementos El Dorado', 'Parcialmente', '2020-08-10 00:00:00', 225, 5),
(765, 2, 'Homecenter', 'Parcialmente', '2020-11-10 00:00:00', 265, 8),
(766, 8, 'Minerales Estalactita', 'No', '2020-08-11 00:00:00', 378, 16),
(767, 16, 'Cementos El Dorado', 'Si', '2021-05-01 00:00:00', 312, 7),
(768, 8, 'Minerales Estalactita', 'Parcialmente', '2020-03-28 00:00:00', 253, 19),
(769, 15, 'JUMBO', 'Si', '2020-04-25 00:00:00', 145, 14),
(770, 10, 'Cementos El Dorado', 'No', '2020-05-10 00:00:00', 60, 7),
(771, 6, 'Bricolajes La Alameda', 'Si', '2020-08-28 00:00:00', 57, 19),
(772, 19, 'Cementos El Dorado', 'Si', '2020-03-09 00:00:00', 81, 16),
(773, 1, 'Bricolajes La Alameda', 'Parcialmente', '2020-01-25 00:00:00', 68, 14),
(774, 16, 'Cementos El Dorado', 'Parcialmente', '2020-10-24 00:00:00', 61, 14),
(775, 7, 'Homecenter', 'Si', '2020-06-06 00:00:00', 104, 3),
(776, 7, 'Bricolajes La Alameda', 'Si', '2020-08-18 00:00:00', 266, 15),
(777, 16, 'Minerales Estalactita', 'Si', '2020-07-08 00:00:00', 265, 10),
(778, 10, 'Bricolajes La Alameda', 'Si', '2021-04-21 00:00:00', 205, 15),
(779, 7, 'Minerales Estalactita', 'No', '2020-11-23 00:00:00', 114, 3),
(780, 5, 'Cementos El Dorado', 'Parcialmente', '2020-01-05 00:00:00', 6, 8),
(781, 13, 'Bricolajes La Alameda', 'No', '2020-06-05 00:00:00', 331, 13),
(782, 20, 'Bricolajes La Alameda', 'No', '2020-05-16 00:00:00', 284, 6),
(783, 1, 'Bricolajes La Alameda', 'Si', '2020-09-19 00:00:00', 264, 8),
(784, 12, 'Cementos El Dorado', 'Si', '2021-06-13 00:00:00', 185, 8),
(785, 5, 'Cementos El Dorado', 'Parcialmente', '2020-07-26 00:00:00', 134, 19),
(786, 7, 'Homecenter', 'No', '2020-09-14 00:00:00', 149, 7),
(787, 8, 'Bricolajes La Alameda', 'Parcialmente', '2021-03-17 00:00:00', 141, 15),
(788, 20, 'Homecenter', 'Parcialmente', '2020-02-23 00:00:00', 89, 8),
(789, 1, 'Bricolajes La Alameda', 'Si', '2021-02-21 00:00:00', 16, 16),
(790, 10, 'Homecenter', 'Si', '2020-04-09 00:00:00', 97, 17),
(791, 20, 'Cementos El Dorado', 'Si', '2021-06-21 00:00:00', 249, 4),
(792, 8, 'Minerales Estalactita', 'Si', '2020-02-12 00:00:00', 163, 21),
(793, 19, 'JUMBO', 'Parcialmente', '2020-03-28 00:00:00', 186, 13),
(794, 10, 'Cementos El Dorado', 'No', '2020-04-18 00:00:00', 212, 1),
(795, 9, 'Bricolajes La Alameda', 'Parcialmente', '2020-07-18 00:00:00', 292, 18),
(796, 9, 'Bricolajes La Alameda', 'Parcialmente', '2020-07-04 00:00:00', 252, 18),
(797, 6, 'JUMBO', 'Parcialmente', '2021-06-26 00:00:00', 157, 16),
(798, 1, 'Cementos El Dorado', 'No', '2020-01-03 00:00:00', 205, 18),
(799, 2, 'Bricolajes La Alameda', 'Parcialmente', '2020-03-06 00:00:00', 139, 1),
(800, 14, 'Minerales Estalactita', 'Parcialmente', '2020-11-24 00:00:00', 231, 8),
(801, 17, 'Homecenter', 'No', '2020-07-06 00:00:00', 87, 3),
(802, 5, 'JUMBO', 'No', '2020-09-02 00:00:00', 121, 15),
(803, 17, 'Homecenter', 'No', '2020-06-03 00:00:00', 313, 1),
(804, 16, 'Bricolajes La Alameda', 'No', '2021-05-27 00:00:00', 61, 20),
(805, 20, 'Cementos El Dorado', 'Si', '2020-04-17 00:00:00', 122, 6),
(806, 17, 'Bricolajes La Alameda', 'No', '2020-03-24 00:00:00', 187, 15),
(807, 15, 'Minerales Estalactita', 'Parcialmente', '2020-02-20 00:00:00', 199, 2),
(808, 3, 'Minerales Estalactita', 'Parcialmente', '2020-06-06 00:00:00', 219, 9),
(809, 16, 'Homecenter', 'Parcialmente', '2020-09-10 00:00:00', 9, 11),
(810, 17, 'Bricolajes La Alameda', 'Parcialmente', '2020-08-28 00:00:00', 388, 4),
(811, 3, 'Cementos El Dorado', 'Si', '2021-05-21 00:00:00', 319, 19),
(812, 10, 'Cementos El Dorado', 'No', '2021-06-19 00:00:00', 326, 20),
(813, 8, 'Cementos El Dorado', 'No', '2020-07-15 00:00:00', 61, 11),
(814, 3, 'Homecenter', 'Parcialmente', '2020-03-26 00:00:00', 223, 9),
(815, 5, 'Cementos El Dorado', 'Parcialmente', '2020-08-20 00:00:00', 375, 1),
(816, 18, 'Homecenter', 'No', '2020-02-03 00:00:00', 74, 17),
(817, 6, 'Bricolajes La Alameda', 'Si', '2021-02-09 00:00:00', 360, 4),
(818, 5, 'Minerales Estalactita', 'Si', '2020-01-24 00:00:00', 328, 19),
(819, 17, 'JUMBO', 'No', '2020-05-06 00:00:00', 336, 10),
(820, 9, 'JUMBO', 'No', '2021-03-25 00:00:00', 274, 10),
(821, 6, 'Homecenter', 'Si', '2020-08-05 00:00:00', 59, 4),
(822, 12, 'Minerales Estalactita', 'No', '2020-09-11 00:00:00', 336, 21),
(823, 9, 'Cementos El Dorado', 'Parcialmente', '2020-01-19 00:00:00', 63, 12),
(824, 2, 'Minerales Estalactita', 'Si', '2021-05-07 00:00:00', 149, 12),
(825, 6, 'Homecenter', 'Parcialmente', '2020-06-13 00:00:00', 270, 7),
(826, 13, 'Bricolajes La Alameda', 'No', '2020-12-11 00:00:00', 221, 11),
(827, 6, 'Homecenter', 'Parcialmente', '2020-07-27 00:00:00', 156, 12),
(828, 5, 'Homecenter', 'Parcialmente', '2020-09-09 00:00:00', 33, 8),
(829, 7, 'JUMBO', 'Parcialmente', '2021-06-06 00:00:00', 205, 1),
(830, 20, 'Homecenter', 'No', '2020-09-07 00:00:00', 393, 6),
(831, 14, 'Bricolajes La Alameda', 'No', '2020-04-19 00:00:00', 15, 6),
(832, 11, 'Cementos El Dorado', 'Parcialmente', '2021-02-16 00:00:00', 392, 17),
(833, 3, 'JUMBO', 'Si', '2020-02-24 00:00:00', 38, 20),
(834, 5, 'Cementos El Dorado', 'No', '2020-04-08 00:00:00', 21, 12),
(835, 18, 'JUMBO', 'Parcialmente', '2020-12-11 00:00:00', 82, 15),
(836, 8, 'Cementos El Dorado', 'Si', '2020-01-04 00:00:00', 354, 13),
(837, 10, 'JUMBO', 'No', '2020-04-14 00:00:00', 118, 5),
(838, 18, 'Homecenter', 'Si', '2020-06-19 00:00:00', 187, 10),
(839, 19, 'Cementos El Dorado', 'No', '2021-03-21 00:00:00', 293, 19),
(840, 17, 'JUMBO', 'Parcialmente', '2021-01-15 00:00:00', 15, 20),
(841, 1, 'JUMBO', 'Si', '2020-08-04 00:00:00', 273, 6),
(842, 1, 'Cementos El Dorado', 'Parcialmente', '2020-03-12 00:00:00', 369, 9),
(843, 5, 'JUMBO', 'Si', '2020-07-20 00:00:00', 151, 21),
(844, 20, 'Bricolajes La Alameda', 'Si', '2020-02-15 00:00:00', 173, 11),
(845, 17, 'Cementos El Dorado', 'Si', '2020-07-09 00:00:00', 209, 7),
(846, 7, 'Homecenter', 'Parcialmente', '2020-07-27 00:00:00', 349, 17),
(847, 3, 'Cementos El Dorado', 'Si', '2020-11-24 00:00:00', 99, 5),
(848, 6, 'JUMBO', 'Parcialmente', '2021-03-09 00:00:00', 76, 15),
(849, 8, 'Cementos El Dorado', 'No', '2021-04-20 00:00:00', 79, 12),
(850, 3, 'JUMBO', 'Parcialmente', '2020-01-14 00:00:00', 8, 6),
(851, 16, 'Cementos El Dorado', 'Parcialmente', '2020-06-22 00:00:00', 184, 16),
(852, 5, 'Cementos El Dorado', 'No', '2020-04-02 00:00:00', 134, 1),
(853, 16, 'Bricolajes La Alameda', 'Parcialmente', '2021-06-12 00:00:00', 367, 12),
(854, 8, 'Minerales Estalactita', 'Parcialmente', '2021-04-23 00:00:00', 339, 9),
(855, 10, 'JUMBO', 'No', '2020-01-09 00:00:00', 39, 9),
(856, 6, 'JUMBO', 'No', '2020-11-11 00:00:00', 121, 1),
(857, 9, 'Cementos El Dorado', 'Si', '2021-04-17 00:00:00', 393, 13),
(858, 12, 'Cementos El Dorado', 'Si', '2020-09-08 00:00:00', 90, 12),
(859, 13, 'JUMBO', 'No', '2020-03-23 00:00:00', 123, 3),
(860, 4, 'Cementos El Dorado', 'Si', '2020-10-20 00:00:00', 331, 20),
(861, 2, 'Cementos El Dorado', 'No', '2020-06-07 00:00:00', 11, 21),
(862, 11, 'Homecenter', 'Si', '2020-08-17 00:00:00', 288, 5),
(863, 16, 'Cementos El Dorado', 'No', '2020-03-04 00:00:00', 344, 16),
(864, 2, 'Cementos El Dorado', 'Si', '2021-02-04 00:00:00', 344, 4),
(865, 12, 'Homecenter', 'No', '2020-11-15 00:00:00', 324, 2),
(866, 10, 'JUMBO', 'No', '2021-05-13 00:00:00', 1, 18),
(867, 11, 'Minerales Estalactita', 'Si', '2020-01-25 00:00:00', 238, 4),
(868, 5, 'Minerales Estalactita', 'No', '2021-04-17 00:00:00', 60, 4),
(869, 4, 'JUMBO', 'Parcialmente', '2020-10-12 00:00:00', 356, 14),
(870, 15, 'JUMBO', 'Si', '2020-10-10 00:00:00', 286, 17),
(871, 17, 'Bricolajes La Alameda', 'No', '2020-02-09 00:00:00', 386, 16),
(872, 9, 'JUMBO', 'Parcialmente', '2020-09-02 00:00:00', 334, 3),
(873, 16, 'Minerales Estalactita', 'Parcialmente', '2020-06-11 00:00:00', 316, 21),
(874, 11, 'Bricolajes La Alameda', 'Si', '2020-11-07 00:00:00', 265, 16),
(875, 4, 'Homecenter', 'Si', '2020-11-10 00:00:00', 118, 6),
(876, 11, 'Bricolajes La Alameda', 'Si', '2020-03-01 00:00:00', 217, 8),
(877, 17, 'JUMBO', 'Parcialmente', '2020-02-08 00:00:00', 2, 19),
(878, 13, 'Minerales Estalactita', 'No', '2020-10-27 00:00:00', 70, 16),
(879, 9, 'Homecenter', 'No', '2021-06-21 00:00:00', 271, 9),
(880, 19, 'JUMBO', 'Parcialmente', '2020-12-02 00:00:00', 270, 11),
(881, 8, 'JUMBO', 'Parcialmente', '2021-03-27 00:00:00', 226, 1),
(882, 4, 'Bricolajes La Alameda', 'Si', '2021-03-19 00:00:00', 343, 3),
(883, 10, 'Homecenter', 'Si', '2020-01-28 00:00:00', 389, 8),
(884, 10, 'Bricolajes La Alameda', 'No', '2021-02-07 00:00:00', 148, 19),
(885, 4, 'JUMBO', 'No', '2021-03-07 00:00:00', 292, 5),
(886, 10, 'JUMBO', 'No', '2021-01-02 00:00:00', 48, 2),
(887, 16, 'Bricolajes La Alameda', 'Parcialmente', '2020-06-06 00:00:00', 365, 16),
(888, 7, 'Minerales Estalactita', 'No', '2021-05-24 00:00:00', 216, 6),
(889, 18, 'Bricolajes La Alameda', 'Si', '2021-05-13 00:00:00', 81, 14),
(890, 4, 'Cementos El Dorado', 'Si', '2021-01-03 00:00:00', 300, 19),
(891, 17, 'Minerales Estalactita', 'No', '2021-06-17 00:00:00', 172, 14),
(892, 14, 'Cementos El Dorado', 'Parcialmente', '2020-09-03 00:00:00', 393, 5),
(893, 11, 'Cementos El Dorado', 'No', '2020-02-02 00:00:00', 114, 1),
(894, 20, 'Homecenter', 'Si', '2021-01-01 00:00:00', 187, 20),
(895, 2, 'JUMBO', 'No', '2021-01-14 00:00:00', 86, 3),
(896, 5, 'Bricolajes La Alameda', 'Si', '2020-07-27 00:00:00', 86, 4),
(897, 7, 'Homecenter', 'Si', '2020-10-04 00:00:00', 6, 20),
(898, 13, 'JUMBO', 'Parcialmente', '2020-09-14 00:00:00', 251, 10),
(899, 1, 'Bricolajes La Alameda', 'Parcialmente', '2020-08-24 00:00:00', 148, 21),
(900, 11, 'JUMBO', 'Parcialmente', '2021-02-01 00:00:00', 286, 2),
(901, 19, 'Minerales Estalactita', 'Parcialmente', '2020-06-13 00:00:00', 317, 2),
(902, 17, 'Homecenter', 'Parcialmente', '2020-03-07 00:00:00', 254, 2),
(903, 20, 'JUMBO', 'Parcialmente', '2020-06-27 00:00:00', 103, 18),
(904, 19, 'Bricolajes La Alameda', 'No', '2021-06-09 00:00:00', 131, 21),
(905, 20, 'Bricolajes La Alameda', 'Parcialmente', '2021-04-24 00:00:00', 129, 20),
(906, 4, 'Homecenter', 'Parcialmente', '2020-04-15 00:00:00', 55, 6),
(907, 16, 'Homecenter', 'Si', '2020-06-20 00:00:00', 76, 15),
(908, 2, 'Minerales Estalactita', 'Si', '2020-06-15 00:00:00', 284, 17),
(909, 12, 'Bricolajes La Alameda', 'No', '2020-10-19 00:00:00', 2, 10),
(910, 5, 'Homecenter', 'No', '2020-05-21 00:00:00', 106, 7),
(911, 8, 'Cementos El Dorado', 'No', '2021-01-17 00:00:00', 339, 5),
(912, 10, 'JUMBO', 'No', '2020-02-28 00:00:00', 85, 4),
(913, 14, 'Minerales Estalactita', 'Parcialmente', '2020-04-13 00:00:00', 381, 12),
(914, 3, 'Cementos El Dorado', 'Si', '2020-09-15 00:00:00', 125, 13),
(915, 8, 'JUMBO', 'No', '2020-09-23 00:00:00', 280, 19),
(916, 12, 'Cementos El Dorado', 'Parcialmente', '2020-09-05 00:00:00', 323, 1),
(917, 19, 'Homecenter', 'No', '2020-12-28 00:00:00', 116, 19),
(918, 5, 'Cementos El Dorado', 'Si', '2020-03-15 00:00:00', 384, 17),
(919, 9, 'Homecenter', 'Parcialmente', '2021-01-24 00:00:00', 80, 16),
(920, 14, 'Minerales Estalactita', 'No', '2021-04-03 00:00:00', 162, 11),
(921, 6, 'Minerales Estalactita', 'Si', '2020-06-24 00:00:00', 41, 8),
(922, 12, 'Homecenter', 'Parcialmente', '2021-06-15 00:00:00', 269, 4),
(923, 7, 'Cementos El Dorado', 'No', '2020-04-19 00:00:00', 19, 5),
(924, 16, 'JUMBO', 'Parcialmente', '2021-03-26 00:00:00', 260, 5),
(925, 13, 'Minerales Estalactita', 'Si', '2021-02-06 00:00:00', 109, 12),
(926, 15, 'Homecenter', 'Parcialmente', '2021-04-21 00:00:00', 212, 11),
(927, 4, 'Cementos El Dorado', 'Parcialmente', '2020-08-09 00:00:00', 324, 20),
(928, 20, 'Homecenter', 'Si', '2020-08-11 00:00:00', 369, 10),
(929, 13, 'Bricolajes La Alameda', 'Parcialmente', '2020-04-23 00:00:00', 388, 4),
(930, 2, 'Minerales Estalactita', 'No', '2020-04-05 00:00:00', 164, 4),
(931, 17, 'Bricolajes La Alameda', 'Si', '2021-01-22 00:00:00', 52, 19),
(932, 4, 'Bricolajes La Alameda', 'No', '2020-04-01 00:00:00', 46, 13),
(933, 3, 'Cementos El Dorado', 'Si', '2020-01-04 00:00:00', 192, 13),
(934, 5, 'JUMBO', 'No', '2020-11-27 00:00:00', 384, 6),
(935, 5, 'Homecenter', 'No', '2021-06-26 00:00:00', 369, 7),
(936, 4, 'Bricolajes La Alameda', 'No', '2020-03-02 00:00:00', 5, 9),
(937, 4, 'Cementos El Dorado', 'Parcialmente', '2020-04-11 00:00:00', 179, 5),
(938, 19, 'Bricolajes La Alameda', 'Parcialmente', '2020-11-07 00:00:00', 281, 13),
(939, 12, 'Minerales Estalactita', 'No', '2021-01-27 00:00:00', 364, 14),
(940, 11, 'Bricolajes La Alameda', 'Parcialmente', '2021-03-03 00:00:00', 220, 7),
(941, 6, 'Homecenter', 'Si', '2021-04-25 00:00:00', 350, 17),
(942, 9, 'Homecenter', 'No', '2020-10-21 00:00:00', 180, 9),
(943, 15, 'Minerales Estalactita', 'No', '2021-06-23 00:00:00', 174, 19),
(944, 4, 'JUMBO', 'No', '2021-01-26 00:00:00', 68, 15),
(945, 20, 'Bricolajes La Alameda', 'Parcialmente', '2020-01-22 00:00:00', 78, 17),
(946, 19, 'Homecenter', 'Si', '2020-06-08 00:00:00', 222, 4),
(947, 7, 'Minerales Estalactita', 'Parcialmente', '2020-04-14 00:00:00', 39, 4),
(948, 10, 'Homecenter', 'Si', '2021-01-01 00:00:00', 238, 13),
(949, 7, 'JUMBO', 'Si', '2021-01-13 00:00:00', 195, 21),
(950, 2, 'Homecenter', 'No', '2020-05-10 00:00:00', 356, 9),
(951, 16, 'Minerales Estalactita', 'Si', '2020-09-04 00:00:00', 37, 4),
(952, 12, 'Cementos El Dorado', 'Si', '2021-03-17 00:00:00', 361, 8),
(953, 4, 'Minerales Estalactita', 'Parcialmente', '2020-09-09 00:00:00', 293, 16),
(954, 9, 'Minerales Estalactita', 'No', '2020-06-04 00:00:00', 51, 8),
(955, 9, 'Minerales Estalactita', 'Si', '2020-04-23 00:00:00', 257, 6),
(956, 11, 'Bricolajes La Alameda', 'Si', '2021-01-26 00:00:00', 300, 12),
(957, 9, 'Bricolajes La Alameda', 'Si', '2020-04-02 00:00:00', 128, 7),
(958, 20, 'Bricolajes La Alameda', 'Parcialmente', '2020-10-24 00:00:00', 292, 18),
(959, 14, 'Bricolajes La Alameda', 'No', '2020-03-08 00:00:00', 189, 16),
(960, 12, 'Bricolajes La Alameda', 'Parcialmente', '2021-01-21 00:00:00', 50, 10),
(961, 18, 'Minerales Estalactita', 'Si', '2020-02-08 00:00:00', 266, 17),
(962, 2, 'Bricolajes La Alameda', 'No', '2021-04-18 00:00:00', 78, 6),
(963, 12, 'JUMBO', 'No', '2021-03-12 00:00:00', 327, 9),
(964, 15, 'JUMBO', 'No', '2020-01-18 00:00:00', 8, 9),
(965, 8, 'JUMBO', 'Parcialmente', '2020-03-17 00:00:00', 87, 7),
(966, 10, 'Minerales Estalactita', 'No', '2020-09-27 00:00:00', 106, 9),
(967, 8, 'Homecenter', 'No', '2020-05-20 00:00:00', 349, 13),
(968, 2, 'JUMBO', 'Parcialmente', '2020-09-16 00:00:00', 374, 12),
(969, 3, 'JUMBO', 'No', '2021-03-26 00:00:00', 394, 8),
(970, 2, 'Minerales Estalactita', 'Si', '2020-06-22 00:00:00', 211, 19),
(971, 4, 'Homecenter', 'Parcialmente', '2020-09-19 00:00:00', 120, 21),
(972, 2, 'Cementos El Dorado', 'No', '2021-02-14 00:00:00', 19, 13),
(973, 15, 'JUMBO', 'Si', '2021-03-03 00:00:00', 164, 9),
(974, 12, 'Cementos El Dorado', 'Si', '2021-05-28 00:00:00', 251, 12),
(975, 1, 'Homecenter', 'Parcialmente', '2020-10-05 00:00:00', 115, 18),
(976, 17, 'Cementos El Dorado', 'Parcialmente', '2020-09-01 00:00:00', 376, 14),
(977, 13, 'Bricolajes La Alameda', 'Parcialmente', '2021-04-12 00:00:00', 392, 2),
(978, 17, 'Cementos El Dorado', 'No', '2020-08-18 00:00:00', 388, 6),
(979, 4, 'Cementos El Dorado', 'Si', '2021-06-21 00:00:00', 261, 2),
(980, 3, 'Bricolajes La Alameda', 'Parcialmente', '2021-05-14 00:00:00', 12, 3),
(981, 14, 'Bricolajes La Alameda', 'Si', '2021-01-03 00:00:00', 215, 7),
(982, 14, 'Cementos El Dorado', 'Si', '2020-01-28 00:00:00', 19, 4),
(983, 18, 'JUMBO', 'Parcialmente', '2020-07-15 00:00:00', 152, 8),
(984, 7, 'Minerales Estalactita', 'Si', '2020-05-09 00:00:00', 8, 5),
(985, 6, 'Cementos El Dorado', 'No', '2020-03-21 00:00:00', 93, 13),
(986, 3, 'Homecenter', 'Si', '2020-12-05 00:00:00', 350, 3),
(987, 18, 'Minerales Estalactita', 'Si', '2020-06-25 00:00:00', 374, 21),
(988, 15, 'Minerales Estalactita', 'No', '2020-08-05 00:00:00', 77, 6),
(989, 16, 'Minerales Estalactita', 'Parcialmente', '2020-06-05 00:00:00', 260, 13),
(990, 18, 'Bricolajes La Alameda', 'Si', '2021-01-05 00:00:00', 103, 4),
(991, 11, 'Cementos El Dorado', 'Si', '2020-03-06 00:00:00', 156, 17),
(992, 15, 'Bricolajes La Alameda', 'Parcialmente', '2020-07-05 00:00:00', 394, 8),
(993, 20, 'Homecenter', 'No', '2020-11-01 00:00:00', 197, 8),
(994, 9, 'Cementos El Dorado', 'No', '2020-01-03 00:00:00', 153, 21),
(995, 11, 'Cementos El Dorado', 'Si', '2020-02-25 00:00:00', 102, 2),
(996, 2, 'Minerales Estalactita', 'No', '2020-02-21 00:00:00', 278, 11),
(997, 15, 'Cementos El Dorado', 'No', '2020-11-01 00:00:00', 366, 14),
(998, 8, 'Cementos El Dorado', 'Parcialmente', '2020-02-16 00:00:00', 208, 18),
(999, 17, 'JUMBO', 'Parcialmente', '2021-03-21 00:00:00', 343, 3),
(1000, 1, 'JUMBO', 'Parcialmente', '2020-01-13 00:00:00', 48, 20),
(1001, 18, 'Bricolajes La Alameda', 'Parcialmente', '2020-07-27 00:00:00', 344, 8),
(1002, 20, 'Bricolajes La Alameda', 'Parcialmente', '2021-03-20 00:00:00', 239, 8),
(1003, 12, 'Minerales Estalactita', 'Si', '2020-01-07 00:00:00', 182, 19),
(1004, 17, 'Homecenter', 'Si', '2020-04-26 00:00:00', 136, 18),
(1005, 10, 'Cementos El Dorado', 'Si', '2021-01-23 00:00:00', 30, 11),
(1006, 10, 'Bricolajes La Alameda', 'Si', '2020-11-09 00:00:00', 202, 5),
(1007, 1, 'JUMBO', 'No', '2021-02-01 00:00:00', 120, 3),
(1008, 20, 'Cementos El Dorado', 'Parcialmente', '2021-04-10 00:00:00', 140, 9),
(1009, 19, 'Homecenter', 'Si', '2021-05-25 00:00:00', 233, 5),
(1010, 10, 'Cementos El Dorado', 'Si', '2021-03-09 00:00:00', 23, 5),
(1011, 12, 'Minerales Estalactita', 'No', '2020-03-14 00:00:00', 90, 17),
(1012, 8, 'Cementos El Dorado', 'Si', '2021-02-11 00:00:00', 396, 9),
(1013, 17, 'Minerales Estalactita', 'Parcialmente', '2020-08-25 00:00:00', 188, 21),
(1014, 5, 'Minerales Estalactita', 'Parcialmente', '2020-10-13 00:00:00', 339, 1),
(1015, 8, 'Cementos El Dorado', 'Si', '2020-03-14 00:00:00', 345, 19),
(1016, 17, 'Cementos El Dorado', 'Si', '2020-10-21 00:00:00', 273, 16),
(1017, 10, 'Minerales Estalactita', 'Si', '2020-07-24 00:00:00', 238, 14),
(1018, 18, 'JUMBO', 'Parcialmente', '2020-02-01 00:00:00', 219, 5),
(1019, 14, 'Minerales Estalactita', 'Parcialmente', '2020-04-20 00:00:00', 75, 1),
(1020, 15, 'Cementos El Dorado', 'Si', '2020-01-03 00:00:00', 41, 13),
(1021, 13, 'Minerales Estalactita', 'No', '2020-03-15 00:00:00', 85, 3),
(1022, 13, 'Cementos El Dorado', 'Parcialmente', '2020-05-24 00:00:00', 350, 14),
(1023, 13, 'Bricolajes La Alameda', 'No', '2020-02-25 00:00:00', 257, 19),
(1024, 14, 'Homecenter', 'Parcialmente', '2020-11-11 00:00:00', 319, 2),
(1025, 17, 'Cementos El Dorado', 'No', '2020-04-08 00:00:00', 179, 13),
(1026, 7, 'Bricolajes La Alameda', 'Parcialmente', '2020-05-26 00:00:00', 107, 4),
(1027, 20, 'Homecenter', 'Si', '2020-02-25 00:00:00', 264, 11),
(1028, 20, 'Homecenter', 'No', '2021-06-02 00:00:00', 379, 1),
(1029, 5, 'Homecenter', 'No', '2020-01-26 00:00:00', 237, 19),
(1030, 16, 'Bricolajes La Alameda', 'Parcialmente', '2021-04-01 00:00:00', 335, 2),
(1031, 1, 'Homecenter', 'Parcialmente', '2021-04-19 00:00:00', 172, 2),
(1032, 4, 'Cementos El Dorado', 'Parcialmente', '2020-07-27 00:00:00', 200, 18),
(1033, 3, 'Minerales Estalactita', 'Si', '2020-03-20 00:00:00', 267, 8),
(1034, 15, 'Minerales Estalactita', 'Parcialmente', '2021-02-06 00:00:00', 32, 14),
(1035, 10, 'JUMBO', 'No', '2020-05-03 00:00:00', 394, 17),
(1036, 2, 'Bricolajes La Alameda', 'Parcialmente', '2021-04-23 00:00:00', 64, 14),
(1037, 11, 'Bricolajes La Alameda', 'No', '2020-04-15 00:00:00', 180, 6),
(1038, 14, 'Cementos El Dorado', 'No', '2021-04-07 00:00:00', 259, 17),
(1039, 4, 'JUMBO', 'No', '2021-05-13 00:00:00', 306, 2),
(1040, 10, 'Cementos El Dorado', 'Parcialmente', '2021-06-11 00:00:00', 330, 17),
(1041, 1, 'Minerales Estalactita', 'No', '2020-02-19 00:00:00', 272, 19),
(1042, 12, 'Minerales Estalactita', 'Si', '2020-04-27 00:00:00', 332, 11),
(1043, 18, 'Minerales Estalactita', 'Si', '2020-10-26 00:00:00', 229, 15),
(1044, 4, 'Bricolajes La Alameda', 'Parcialmente', '2021-03-21 00:00:00', 173, 20),
(1045, 4, 'Cementos El Dorado', 'Parcialmente', '2020-02-20 00:00:00', 124, 6),
(1046, 5, 'Cementos El Dorado', 'Parcialmente', '2020-12-11 00:00:00', 237, 11),
(1047, 20, 'Bricolajes La Alameda', 'Si', '2020-08-10 00:00:00', 73, 5),
(1048, 10, 'JUMBO', 'No', '2020-08-24 00:00:00', 67, 21),
(1049, 19, 'Homecenter', 'No', '2020-11-01 00:00:00', 22, 16),
(1050, 4, 'Cementos El Dorado', 'No', '2020-04-07 00:00:00', 111, 15),
(1051, 18, 'JUMBO', 'Parcialmente', '2020-03-04 00:00:00', 177, 15),
(1052, 8, 'Cementos El Dorado', 'No', '2020-03-16 00:00:00', 377, 17),
(1053, 16, 'JUMBO', 'No', '2020-02-07 00:00:00', 109, 15),
(1054, 2, 'JUMBO', 'Si', '2020-04-07 00:00:00', 183, 19),
(1055, 8, 'Minerales Estalactita', 'No', '2021-01-28 00:00:00', 134, 20),
(1056, 20, 'Bricolajes La Alameda', 'Si', '2021-06-05 00:00:00', 126, 18),
(1057, 17, 'Bricolajes La Alameda', 'Si', '2021-04-01 00:00:00', 133, 18),
(1058, 7, 'Homecenter', 'Si', '2020-01-16 00:00:00', 303, 10),
(1059, 7, 'Minerales Estalactita', 'Si', '2020-09-01 00:00:00', 192, 12),
(1060, 4, 'JUMBO', 'No', '2021-02-19 00:00:00', 47, 20),
(1061, 1, 'Minerales Estalactita', 'Parcialmente', '2021-06-13 00:00:00', 256, 8),
(1062, 6, 'Homecenter', 'Parcialmente', '2020-03-18 00:00:00', 303, 12),
(1063, 2, 'JUMBO', 'No', '2020-01-16 00:00:00', 350, 1),
(1064, 3, 'JUMBO', 'Si', '2021-04-06 00:00:00', 8, 20),
(1065, 9, 'Bricolajes La Alameda', 'Si', '2020-07-10 00:00:00', 395, 1),
(1066, 15, 'Cementos El Dorado', 'No', '2020-03-15 00:00:00', 75, 12),
(1067, 18, 'Bricolajes La Alameda', 'No', '2020-09-02 00:00:00', 254, 20),
(1068, 11, 'Minerales Estalactita', 'Parcialmente', '2021-04-23 00:00:00', 189, 20),
(1069, 4, 'Minerales Estalactita', 'No', '2020-06-08 00:00:00', 57, 2),
(1070, 7, 'Minerales Estalactita', 'No', '2020-04-25 00:00:00', 295, 10),
(1071, 3, 'Bricolajes La Alameda', 'No', '2020-11-10 00:00:00', 238, 13),
(1072, 7, 'Bricolajes La Alameda', 'No', '2020-06-13 00:00:00', 210, 3),
(1073, 10, 'Cementos El Dorado', 'Si', '2021-03-17 00:00:00', 64, 13),
(1074, 10, 'JUMBO', 'Si', '2020-12-20 00:00:00', 344, 19),
(1075, 6, 'JUMBO', 'Parcialmente', '2021-06-18 00:00:00', 169, 3),
(1076, 8, 'Homecenter', 'Parcialmente', '2020-04-13 00:00:00', 116, 5),
(1077, 4, 'Bricolajes La Alameda', 'No', '2020-07-18 00:00:00', 170, 6),
(1078, 7, 'Cementos El Dorado', 'Si', '2020-03-08 00:00:00', 338, 4),
(1079, 1, 'Minerales Estalactita', 'Parcialmente', '2020-02-05 00:00:00', 146, 5),
(1080, 15, 'Minerales Estalactita', 'Parcialmente', '2020-11-17 00:00:00', 74, 18),
(1081, 10, 'JUMBO', 'No', '2021-05-23 00:00:00', 129, 21),
(1082, 20, 'Bricolajes La Alameda', 'Si', '2021-05-05 00:00:00', 326, 5),
(1083, 19, 'JUMBO', 'Si', '2021-01-10 00:00:00', 131, 11),
(1084, 19, 'Homecenter', 'Si', '2020-07-17 00:00:00', 69, 12),
(1085, 11, 'Homecenter', 'Si', '2020-01-09 00:00:00', 248, 15),
(1086, 4, 'Homecenter', 'Si', '2020-08-11 00:00:00', 291, 21),
(1087, 14, 'Bricolajes La Alameda', 'Si', '2021-02-19 00:00:00', 101, 17),
(1088, 14, 'JUMBO', 'No', '2020-06-26 00:00:00', 256, 7),
(1089, 5, 'Minerales Estalactita', 'No', '2021-01-26 00:00:00', 182, 17),
(1090, 6, 'Minerales Estalactita', 'Parcialmente', '2021-06-22 00:00:00', 89, 6),
(1091, 19, 'JUMBO', 'Si', '2020-09-04 00:00:00', 300, 6),
(1092, 1, 'Bricolajes La Alameda', 'Parcialmente', '2021-04-06 00:00:00', 76, 18),
(1093, 10, 'Homecenter', 'Parcialmente', '2021-05-21 00:00:00', 357, 15),
(1094, 19, 'Minerales Estalactita', 'Si', '2020-01-14 00:00:00', 147, 15),
(1095, 2, 'JUMBO', 'Parcialmente', '2020-01-13 00:00:00', 241, 20),
(1096, 7, 'Minerales Estalactita', 'Parcialmente', '2020-01-03 00:00:00', 193, 4),
(1097, 9, 'Minerales Estalactita', 'Parcialmente', '2021-06-23 00:00:00', 213, 12),
(1098, 7, 'Homecenter', 'Parcialmente', '2021-01-08 00:00:00', 204, 2),
(1099, 1, 'JUMBO', 'No', '2020-01-08 00:00:00', 125, 2),
(1100, 15, 'Cementos El Dorado', 'Si', '2020-03-17 00:00:00', 97, 16),
(1101, 17, 'JUMBO', 'Parcialmente', '2021-04-14 00:00:00', 282, 7),
(1102, 20, 'Minerales Estalactita', 'Parcialmente', '2020-12-15 00:00:00', 12, 19),
(1103, 5, 'Homecenter', 'Parcialmente', '2020-06-21 00:00:00', 334, 13),
(1104, 9, 'Minerales Estalactita', 'No', '2020-07-21 00:00:00', 82, 9),
(1105, 16, 'Minerales Estalactita', 'No', '2021-04-24 00:00:00', 185, 6),
(1106, 8, 'Cementos El Dorado', 'Parcialmente', '2020-07-08 00:00:00', 365, 1),
(1107, 8, 'Cementos El Dorado', 'No', '2021-04-13 00:00:00', 153, 9),
(1108, 10, 'Cementos El Dorado', 'No', '2020-07-20 00:00:00', 398, 8),
(1109, 5, 'Homecenter', 'Parcialmente', '2020-12-28 00:00:00', 303, 18),
(1110, 7, 'Bricolajes La Alameda', 'No', '2021-01-20 00:00:00', 103, 20),
(1111, 13, 'Homecenter', 'Parcialmente', '2020-06-13 00:00:00', 209, 16),
(1112, 11, 'JUMBO', 'Si', '2021-04-15 00:00:00', 368, 9),
(1113, 17, 'Cementos El Dorado', 'No', '2021-02-04 00:00:00', 350, 3),
(1114, 11, 'JUMBO', 'Parcialmente', '2020-11-26 00:00:00', 394, 11),
(1115, 16, 'Bricolajes La Alameda', 'No', '2020-12-01 00:00:00', 224, 13),
(1116, 10, 'Bricolajes La Alameda', 'Parcialmente', '2020-10-26 00:00:00', 166, 9),
(1117, 19, 'Homecenter', 'Parcialmente', '2020-07-06 00:00:00', 375, 1),
(1118, 11, 'Cementos El Dorado', 'Si', '2020-10-28 00:00:00', 215, 1),
(1119, 8, 'Homecenter', 'Parcialmente', '2020-02-22 00:00:00', 278, 17),
(1120, 6, 'Minerales Estalactita', 'Parcialmente', '2021-03-24 00:00:00', 88, 3),
(1121, 6, 'Homecenter', 'Si', '2020-02-07 00:00:00', 208, 17),
(1122, 5, 'Minerales Estalactita', 'Parcialmente', '2020-09-10 00:00:00', 374, 1),
(1123, 4, 'Homecenter', 'No', '2021-06-11 00:00:00', 129, 15),
(1124, 11, 'Cementos El Dorado', 'No', '2021-03-14 00:00:00', 354, 1),
(1125, 5, 'Homecenter', 'No', '2021-02-17 00:00:00', 131, 2),
(1126, 11, 'Bricolajes La Alameda', 'No', '2020-06-16 00:00:00', 115, 8),
(1127, 4, 'Cementos El Dorado', 'Parcialmente', '2021-01-04 00:00:00', 55, 3),
(1128, 4, 'Minerales Estalactita', 'Si', '2020-08-04 00:00:00', 359, 4),
(1129, 3, 'JUMBO', 'Parcialmente', '2020-05-10 00:00:00', 178, 13),
(1130, 11, 'Bricolajes La Alameda', 'Parcialmente', '2020-03-26 00:00:00', 34, 3),
(1131, 16, 'Cementos El Dorado', 'Parcialmente', '2020-03-05 00:00:00', 147, 4),
(1132, 12, 'Bricolajes La Alameda', 'No', '2021-04-21 00:00:00', 358, 11),
(1133, 18, 'JUMBO', 'Parcialmente', '2021-04-07 00:00:00', 336, 2),
(1134, 9, 'Minerales Estalactita', 'Parcialmente', '2020-11-26 00:00:00', 244, 17),
(1135, 17, 'Minerales Estalactita', 'Si', '2020-04-06 00:00:00', 160, 6),
(1136, 7, 'Cementos El Dorado', 'Parcialmente', '2020-07-27 00:00:00', 344, 13),
(1137, 12, 'JUMBO', 'No', '2020-02-26 00:00:00', 332, 7),
(1138, 9, 'Bricolajes La Alameda', 'Si', '2021-04-28 00:00:00', 26, 8),
(1139, 8, 'JUMBO', 'Si', '2020-02-10 00:00:00', 322, 4),
(1140, 7, 'Minerales Estalactita', 'Parcialmente', '2021-04-26 00:00:00', 179, 17),
(1141, 17, 'Bricolajes La Alameda', 'No', '2020-01-05 00:00:00', 284, 20),
(1142, 19, 'Cementos El Dorado', 'Parcialmente', '2020-07-19 00:00:00', 322, 17),
(1143, 6, 'JUMBO', 'Parcialmente', '2020-08-16 00:00:00', 309, 21),
(1144, 13, 'Homecenter', 'Parcialmente', '2020-11-05 00:00:00', 334, 17),
(1145, 1, 'JUMBO', 'Si', '2020-10-01 00:00:00', 251, 3),
(1146, 15, 'Homecenter', 'No', '2020-05-27 00:00:00', 192, 17),
(1147, 1, 'Cementos El Dorado', 'Parcialmente', '2020-02-22 00:00:00', 91, 1),
(1148, 16, 'JUMBO', 'Si', '2021-03-09 00:00:00', 377, 12),
(1149, 11, 'Cementos El Dorado', 'No', '2020-04-28 00:00:00', 246, 6),
(1150, 5, 'JUMBO', 'No', '2020-07-12 00:00:00', 363, 9),
(1151, 2, 'Minerales Estalactita', 'No', '2021-01-05 00:00:00', 138, 8),
(1152, 10, 'Cementos El Dorado', 'Parcialmente', '2020-11-04 00:00:00', 322, 12),
(1153, 19, 'Cementos El Dorado', 'Si', '2020-06-28 00:00:00', 60, 2),
(1154, 8, 'Cementos El Dorado', 'No', '2020-07-25 00:00:00', 255, 10),
(1155, 13, 'Bricolajes La Alameda', 'No', '2020-10-09 00:00:00', 74, 1),
(1156, 12, 'Homecenter', 'Parcialmente', '2021-06-17 00:00:00', 38, 10),
(1157, 10, 'Cementos El Dorado', 'Si', '2020-11-06 00:00:00', 124, 14),
(1158, 10, 'JUMBO', 'Si', '2020-05-02 00:00:00', 192, 1),
(1159, 5, 'JUMBO', 'No', '2020-04-23 00:00:00', 180, 7),
(1160, 6, 'Bricolajes La Alameda', 'Si', '2020-03-25 00:00:00', 228, 10),
(1161, 12, 'JUMBO', 'Parcialmente', '2020-10-07 00:00:00', 274, 21),
(1162, 4, 'Cementos El Dorado', 'Si', '2020-09-06 00:00:00', 62, 16),
(1163, 16, 'Minerales Estalactita', 'Si', '2020-06-21 00:00:00', 310, 19),
(1164, 16, 'Cementos El Dorado', 'Parcialmente', '2020-10-26 00:00:00', 380, 4),
(1165, 2, 'Homecenter', 'Parcialmente', '2020-12-11 00:00:00', 165, 14),
(1166, 19, 'Cementos El Dorado', 'Si', '2020-06-13 00:00:00', 366, 9),
(1167, 12, 'Bricolajes La Alameda', 'Si', '2020-04-11 00:00:00', 268, 11),
(1168, 18, 'Bricolajes La Alameda', 'Parcialmente', '2020-06-16 00:00:00', 258, 19),
(1169, 2, 'JUMBO', 'No', '2021-04-11 00:00:00', 339, 3),
(1170, 9, 'Homecenter', 'Si', '2020-09-13 00:00:00', 340, 9),
(1171, 16, 'JUMBO', 'Si', '2020-05-25 00:00:00', 9, 1),
(1172, 12, 'JUMBO', 'Si', '2020-11-21 00:00:00', 364, 7),
(1173, 7, 'JUMBO', 'Parcialmente', '2020-03-16 00:00:00', 71, 20),
(1174, 9, 'Bricolajes La Alameda', 'Si', '2020-07-06 00:00:00', 285, 3),
(1175, 14, 'Bricolajes La Alameda', 'Parcialmente', '2020-02-04 00:00:00', 96, 2),
(1176, 19, 'JUMBO', 'No', '2020-08-24 00:00:00', 351, 3),
(1177, 11, 'JUMBO', 'No', '2020-02-01 00:00:00', 246, 11),
(1178, 7, 'Homecenter', 'No', '2020-06-08 00:00:00', 142, 13),
(1179, 17, 'Homecenter', 'No', '2021-03-17 00:00:00', 261, 9),
(1180, 14, 'Minerales Estalactita', 'Parcialmente', '2020-12-20 00:00:00', 92, 3),
(1181, 9, 'Minerales Estalactita', 'Si', '2021-01-24 00:00:00', 391, 14),
(1182, 10, 'Minerales Estalactita', 'Si', '2021-03-07 00:00:00', 322, 2),
(1183, 4, 'Minerales Estalactita', 'No', '2020-12-28 00:00:00', 376, 15),
(1184, 15, 'Cementos El Dorado', 'No', '2020-05-17 00:00:00', 68, 17),
(1185, 12, 'Homecenter', 'Si', '2020-02-27 00:00:00', 216, 17),
(1186, 5, 'Homecenter', 'Parcialmente', '2020-07-18 00:00:00', 306, 1),
(1187, 6, 'JUMBO', 'Parcialmente', '2020-07-18 00:00:00', 181, 13),
(1188, 7, 'Cementos El Dorado', 'Parcialmente', '2021-02-25 00:00:00', 157, 7),
(1189, 14, 'Homecenter', 'Si', '2020-01-16 00:00:00', 318, 5),
(1190, 4, 'Cementos El Dorado', 'Si', '2020-05-27 00:00:00', 167, 9),
(1191, 11, 'Cementos El Dorado', 'No', '2021-06-19 00:00:00', 46, 19),
(1192, 15, 'Minerales Estalactita', 'No', '2020-08-02 00:00:00', 200, 19),
(1193, 12, 'Cementos El Dorado', 'No', '2020-09-17 00:00:00', 60, 12),
(1194, 6, 'Bricolajes La Alameda', 'No', '2021-01-16 00:00:00', 239, 13),
(1195, 2, 'Cementos El Dorado', 'Parcialmente', '2020-12-12 00:00:00', 237, 20),
(1196, 6, 'JUMBO', 'Si', '2020-11-28 00:00:00', 352, 12),
(1197, 9, 'Homecenter', 'No', '2020-03-03 00:00:00', 38, 18),
(1198, 8, 'JUMBO', 'No', '2020-05-21 00:00:00', 329, 1),
(1199, 12, 'Bricolajes La Alameda', 'Si', '2020-06-24 00:00:00', 165, 8),
(1200, 4, 'Minerales Estalactita', 'Si', '2021-03-24 00:00:00', 190, 18),
(1201, 11, 'Cementos El Dorado', 'Si', '2021-06-07 00:00:00', 256, 2),
(1202, 7, 'Homecenter', 'Parcialmente', '2021-06-20 00:00:00', 113, 11),
(1203, 10, 'Cementos El Dorado', 'No', '2021-06-16 00:00:00', 120, 16),
(1204, 9, 'Bricolajes La Alameda', 'Si', '2020-06-15 00:00:00', 346, 8),
(1205, 20, 'Minerales Estalactita', 'Parcialmente', '2021-05-01 00:00:00', 76, 21),
(1206, 2, 'Bricolajes La Alameda', 'No', '2020-08-05 00:00:00', 384, 1),
(1207, 13, 'JUMBO', 'Si', '2020-04-17 00:00:00', 123, 21),
(1208, 1, 'JUMBO', 'Si', '2021-01-04 00:00:00', 293, 7),
(1209, 2, 'Homecenter', 'Si', '2021-03-08 00:00:00', 298, 15),
(1210, 9, 'Minerales Estalactita', 'Parcialmente', '2021-05-18 00:00:00', 95, 14),
(1211, 15, 'Bricolajes La Alameda', 'Si', '2020-01-06 00:00:00', 100, 6),
(1212, 15, 'Minerales Estalactita', 'No', '2020-03-13 00:00:00', 134, 17),
(1213, 7, 'Homecenter', 'Si', '2020-10-23 00:00:00', 281, 21),
(1214, 18, 'Minerales Estalactita', 'Parcialmente', '2021-06-18 00:00:00', 302, 18),
(1215, 15, 'Homecenter', 'No', '2020-04-10 00:00:00', 158, 16),
(1216, 10, 'Homecenter', 'No', '2021-05-12 00:00:00', 300, 4),
(1217, 18, 'Cementos El Dorado', 'Si', '2021-02-17 00:00:00', 211, 6),
(1218, 11, 'Bricolajes La Alameda', 'Parcialmente', '2020-11-07 00:00:00', 67, 19),
(1219, 12, 'Bricolajes La Alameda', 'Si', '2020-02-07 00:00:00', 61, 17),
(1220, 3, 'Minerales Estalactita', 'Parcialmente', '2021-02-03 00:00:00', 358, 3),
(1221, 9, 'Bricolajes La Alameda', 'Si', '2020-04-15 00:00:00', 324, 2),
(1222, 18, 'Cementos El Dorado', 'No', '2020-10-19 00:00:00', 296, 2),
(1223, 11, 'Homecenter', 'Si', '2021-04-04 00:00:00', 138, 6),
(1224, 20, 'JUMBO', 'Parcialmente', '2021-01-01 00:00:00', 28, 6),
(1225, 4, 'Bricolajes La Alameda', 'Si', '2020-01-18 00:00:00', 24, 9),
(1226, 12, 'Minerales Estalactita', 'Parcialmente', '2021-01-19 00:00:00', 179, 18),
(1227, 14, 'Homecenter', 'Si', '2020-07-04 00:00:00', 379, 13),
(1228, 9, 'Homecenter', 'No', '2021-06-15 00:00:00', 387, 15),
(1229, 20, 'Bricolajes La Alameda', 'Parcialmente', '2021-02-22 00:00:00', 110, 5),
(1230, 13, 'Minerales Estalactita', 'Parcialmente', '2020-04-16 00:00:00', 89, 18),
(1231, 7, 'Cementos El Dorado', 'Si', '2020-02-14 00:00:00', 150, 13),
(1232, 15, 'JUMBO', 'Parcialmente', '2020-07-18 00:00:00', 33, 8),
(1233, 3, 'Minerales Estalactita', 'Si', '2021-05-03 00:00:00', 55, 16),
(1234, 5, 'Cementos El Dorado', 'Parcialmente', '2021-03-24 00:00:00', 312, 20),
(1235, 4, 'Minerales Estalactita', 'Parcialmente', '2020-07-09 00:00:00', 13, 8),
(1236, 12, 'Bricolajes La Alameda', 'No', '2020-05-05 00:00:00', 175, 20),
(1237, 8, 'Cementos El Dorado', 'Si', '2020-11-01 00:00:00', 389, 12),
(1238, 5, 'JUMBO', 'Parcialmente', '2020-05-11 00:00:00', 114, 3),
(1239, 17, 'JUMBO', 'Parcialmente', '2020-04-09 00:00:00', 288, 1),
(1240, 11, 'Bricolajes La Alameda', 'No', '2021-03-21 00:00:00', 312, 12),
(1241, 16, 'Minerales Estalactita', 'Si', '2020-10-24 00:00:00', 272, 17),
(1242, 6, 'Bricolajes La Alameda', 'Parcialmente', '2021-06-01 00:00:00', 84, 6),
(1243, 16, 'Homecenter', 'Si', '2021-03-15 00:00:00', 370, 9),
(1244, 6, 'Minerales Estalactita', 'Parcialmente', '2020-09-13 00:00:00', 158, 5),
(1245, 6, 'JUMBO', 'Si', '2020-02-21 00:00:00', 187, 15),
(1246, 9, 'Homecenter', 'Si', '2021-03-10 00:00:00', 225, 1),
(1247, 15, 'Bricolajes La Alameda', 'Si', '2020-05-19 00:00:00', 80, 21),
(1248, 4, 'Minerales Estalactita', 'Si', '2021-04-06 00:00:00', 166, 9),
(1249, 15, 'Homecenter', 'Si', '2020-03-22 00:00:00', 160, 4),
(1250, 12, 'Homecenter', 'Si', '2020-07-10 00:00:00', 149, 10),
(1251, 13, 'Bricolajes La Alameda', 'Parcialmente', '2021-01-10 00:00:00', 8, 21),
(1252, 17, 'Minerales Estalactita', 'Si', '2021-06-22 00:00:00', 248, 21),
(1253, 19, 'JUMBO', 'Si', '2021-06-14 00:00:00', 311, 17),
(1254, 16, 'Bricolajes La Alameda', 'Parcialmente', '2020-12-10 00:00:00', 354, 13),
(1255, 4, 'Cementos El Dorado', 'No', '2021-06-12 00:00:00', 294, 18),
(1256, 4, 'Minerales Estalactita', 'Si', '2020-03-01 00:00:00', 157, 8),
(1257, 9, 'Cementos El Dorado', 'Parcialmente', '2020-12-24 00:00:00', 201, 11),
(1258, 11, 'Bricolajes La Alameda', 'No', '2020-12-12 00:00:00', 214, 4),
(1259, 10, 'JUMBO', 'Si', '2021-03-02 00:00:00', 231, 15),
(1260, 14, 'Bricolajes La Alameda', 'No', '2020-12-11 00:00:00', 387, 15),
(1261, 7, 'Cementos El Dorado', 'No', '2021-01-13 00:00:00', 269, 20),
(1262, 13, 'Minerales Estalactita', 'Si', '2021-02-28 00:00:00', 222, 15),
(1263, 15, 'Homecenter', 'No', '2021-04-04 00:00:00', 141, 6),
(1264, 16, 'Homecenter', 'Parcialmente', '2020-09-11 00:00:00', 312, 14),
(1265, 2, 'Minerales Estalactita', 'No', '2020-12-15 00:00:00', 89, 14),
(1266, 8, 'Bricolajes La Alameda', 'No', '2020-08-28 00:00:00', 305, 12),
(1267, 15, 'Cementos El Dorado', 'No', '2020-09-27 00:00:00', 156, 20),
(1268, 18, 'JUMBO', 'Si', '2021-01-25 00:00:00', 290, 12),
(1269, 16, 'Cementos El Dorado', 'Si', '2021-06-26 00:00:00', 388, 3),
(1270, 18, 'Homecenter', 'Parcialmente', '2021-03-03 00:00:00', 295, 11),
(1271, 14, 'JUMBO', 'No', '2020-07-05 00:00:00', 358, 13),
(1272, 11, 'Bricolajes La Alameda', 'Si', '2020-03-18 00:00:00', 226, 20),
(1273, 15, 'Cementos El Dorado', 'Si', '2021-01-08 00:00:00', 133, 5),
(1274, 13, 'Minerales Estalactita', 'No', '2020-10-10 00:00:00', 168, 4),
(1275, 11, 'Minerales Estalactita', 'No', '2021-06-03 00:00:00', 113, 1),
(1276, 6, 'JUMBO', 'Parcialmente', '2020-09-16 00:00:00', 58, 18),
(1277, 16, 'Minerales Estalactita', 'No', '2020-02-18 00:00:00', 330, 9),
(1278, 20, 'Minerales Estalactita', 'Parcialmente', '2021-06-07 00:00:00', 220, 13),
(1279, 17, 'Homecenter', 'Parcialmente', '2020-11-05 00:00:00', 379, 21),
(1280, 5, 'Cementos El Dorado', 'Parcialmente', '2021-02-02 00:00:00', 46, 13),
(1281, 6, 'JUMBO', 'No', '2020-05-10 00:00:00', 293, 3),
(1282, 5, 'JUMBO', 'Parcialmente', '2021-06-28 00:00:00', 58, 18),
(1283, 6, 'Bricolajes La Alameda', 'Parcialmente', '2021-06-11 00:00:00', 215, 6),
(1284, 7, 'Bricolajes La Alameda', 'Si', '2021-01-21 00:00:00', 366, 17),
(1285, 12, 'Homecenter', 'Parcialmente', '2020-05-27 00:00:00', 383, 12),
(1286, 14, 'Cementos El Dorado', 'No', '2020-05-11 00:00:00', 167, 20),
(1287, 14, 'JUMBO', 'Parcialmente', '2021-03-15 00:00:00', 366, 11),
(1288, 17, 'Cementos El Dorado', 'No', '2020-07-26 00:00:00', 166, 5),
(1289, 12, 'Homecenter', 'No', '2020-11-23 00:00:00', 153, 11),
(1290, 13, 'Cementos El Dorado', 'Si', '2020-02-11 00:00:00', 28, 10),
(1291, 12, 'Bricolajes La Alameda', 'Si', '2020-06-17 00:00:00', 279, 17),
(1292, 12, 'JUMBO', 'No', '2020-09-10 00:00:00', 101, 19),
(1293, 3, 'Cementos El Dorado', 'No', '2020-02-23 00:00:00', 177, 17),
(1294, 8, 'JUMBO', 'No', '2020-05-24 00:00:00', 200, 20),
(1295, 13, 'Cementos El Dorado', 'Parcialmente', '2020-12-07 00:00:00', 304, 16),
(1296, 12, 'Bricolajes La Alameda', 'No', '2020-03-22 00:00:00', 172, 12),
(1297, 5, 'Homecenter', 'Parcialmente', '2020-07-28 00:00:00', 293, 11),
(1298, 12, 'Homecenter', 'Parcialmente', '2021-06-16 00:00:00', 106, 2),
(1299, 5, 'Homecenter', 'Si', '2021-06-06 00:00:00', 93, 2),
(1300, 16, 'Minerales Estalactita', 'Si', '2020-09-10 00:00:00', 124, 11),
(1301, 7, 'Minerales Estalactita', 'No', '2020-07-25 00:00:00', 323, 2),
(1302, 13, 'Homecenter', 'No', '2021-02-10 00:00:00', 193, 8),
(1303, 7, 'Minerales Estalactita', 'Si', '2020-12-21 00:00:00', 281, 16),
(1304, 16, 'Homecenter', 'Parcialmente', '2020-02-11 00:00:00', 175, 2),
(1305, 1, 'Bricolajes La Alameda', 'Si', '2020-10-22 00:00:00', 72, 21),
(1306, 5, 'Homecenter', 'No', '2020-10-11 00:00:00', 11, 17),
(1307, 10, 'JUMBO', 'Si', '2021-06-23 00:00:00', 224, 7),
(1308, 9, 'Cementos El Dorado', 'No', '2020-02-20 00:00:00', 356, 7),
(1309, 11, 'Homecenter', 'No', '2021-05-24 00:00:00', 29, 6),
(1310, 10, 'Cementos El Dorado', 'No', '2020-04-18 00:00:00', 245, 15),
(1311, 4, 'Homecenter', 'No', '2020-09-08 00:00:00', 342, 11),
(1312, 11, 'JUMBO', 'Parcialmente', '2021-02-02 00:00:00', 294, 11),
(1313, 18, 'Minerales Estalactita', 'No', '2020-04-04 00:00:00', 170, 2),
(1314, 6, 'Homecenter', 'No', '2020-02-19 00:00:00', 72, 10),
(1315, 3, 'Cementos El Dorado', 'Parcialmente', '2021-02-09 00:00:00', 40, 11),
(1316, 3, 'JUMBO', 'Si', '2020-05-08 00:00:00', 234, 20),
(1317, 1, 'Homecenter', 'Si', '2021-03-11 00:00:00', 384, 1),
(1318, 10, 'JUMBO', 'Si', '2021-03-07 00:00:00', 112, 12),
(1319, 1, 'Bricolajes La Alameda', 'No', '2021-02-23 00:00:00', 220, 20),
(1320, 16, 'Cementos El Dorado', 'No', '2020-10-25 00:00:00', 343, 1),
(1321, 4, 'Cementos El Dorado', 'No', '2021-01-19 00:00:00', 330, 19),
(1322, 9, 'Bricolajes La Alameda', 'Si', '2020-12-06 00:00:00', 279, 21),
(1323, 2, 'JUMBO', 'No', '2020-06-23 00:00:00', 241, 8),
(1324, 3, 'Cementos El Dorado', 'Si', '2021-02-27 00:00:00', 46, 2),
(1325, 13, 'JUMBO', 'Si', '2020-12-10 00:00:00', 299, 20),
(1326, 18, 'Cementos El Dorado', 'No', '2021-04-02 00:00:00', 176, 7),
(1327, 16, 'Minerales Estalactita', 'Si', '2020-02-01 00:00:00', 65, 17),
(1328, 13, 'JUMBO', 'No', '2021-01-10 00:00:00', 88, 9),
(1329, 14, 'Cementos El Dorado', 'No', '2021-02-12 00:00:00', 356, 2),
(1330, 13, 'Minerales Estalactita', 'Parcialmente', '2020-10-06 00:00:00', 369, 18),
(1331, 10, 'Homecenter', 'No', '2020-09-15 00:00:00', 380, 21),
(1332, 9, 'Homecenter', 'Parcialmente', '2020-07-28 00:00:00', 27, 18),
(1333, 7, 'Cementos El Dorado', 'No', '2020-02-14 00:00:00', 123, 1),
(1334, 13, 'Minerales Estalactita', 'Parcialmente', '2020-11-19 00:00:00', 86, 2),
(1335, 8, 'Cementos El Dorado', 'Parcialmente', '2021-01-18 00:00:00', 125, 21),
(1336, 15, 'Cementos El Dorado', 'Parcialmente', '2020-12-17 00:00:00', 396, 21),
(1337, 1, 'Minerales Estalactita', 'No', '2020-08-15 00:00:00', 24, 3),
(1338, 1, 'Homecenter', 'Parcialmente', '2020-06-16 00:00:00', 369, 5),
(1339, 2, 'Cementos El Dorado', 'No', '2020-02-23 00:00:00', 305, 15),
(1340, 7, 'Homecenter', 'Parcialmente', '2020-01-28 00:00:00', 296, 4),
(1341, 2, 'Minerales Estalactita', 'No', '2021-06-11 00:00:00', 371, 9),
(1342, 9, 'Homecenter', 'Parcialmente', '2021-01-15 00:00:00', 1, 3),
(1343, 17, 'Bricolajes La Alameda', 'Parcialmente', '2020-01-26 00:00:00', 251, 6),
(1344, 11, 'JUMBO', 'Parcialmente', '2021-03-25 00:00:00', 180, 2),
(1345, 12, 'Bricolajes La Alameda', 'Parcialmente', '2020-08-15 00:00:00', 221, 11),
(1346, 11, 'Bricolajes La Alameda', 'Parcialmente', '2021-03-02 00:00:00', 238, 17),
(1347, 1, 'Bricolajes La Alameda', 'Si', '2021-03-21 00:00:00', 310, 16),
(1348, 6, 'Homecenter', 'Parcialmente', '2021-02-20 00:00:00', 288, 11),
(1349, 3, 'Homecenter', 'Parcialmente', '2020-03-05 00:00:00', 67, 5),
(1350, 19, 'Bricolajes La Alameda', 'Parcialmente', '2020-04-14 00:00:00', 398, 3),
(1351, 10, 'Bricolajes La Alameda', 'No', '2020-06-02 00:00:00', 64, 12),
(1352, 2, 'Bricolajes La Alameda', 'Parcialmente', '2020-08-15 00:00:00', 93, 13),
(1353, 18, 'JUMBO', 'Parcialmente', '2020-09-21 00:00:00', 207, 11),
(1354, 5, 'JUMBO', 'Si', '2020-10-27 00:00:00', 375, 7),
(1355, 17, 'Minerales Estalactita', 'No', '2021-01-14 00:00:00', 283, 20),
(1356, 16, 'Homecenter', 'No', '2021-03-27 00:00:00', 386, 6),
(1357, 13, 'Minerales Estalactita', 'No', '2021-06-09 00:00:00', 223, 12),
(1358, 15, 'Cementos El Dorado', 'Si', '2021-01-26 00:00:00', 354, 15),
(1359, 8, 'Homecenter', 'Si', '2020-12-24 00:00:00', 173, 8),
(1360, 10, 'Bricolajes La Alameda', 'Parcialmente', '2021-02-20 00:00:00', 377, 6),
(1361, 11, 'Bricolajes La Alameda', 'No', '2020-05-07 00:00:00', 145, 17),
(1362, 11, 'Cementos El Dorado', 'Parcialmente', '2021-06-12 00:00:00', 204, 16),
(1363, 12, 'Homecenter', 'Parcialmente', '2020-05-17 00:00:00', 141, 11),
(1364, 16, 'JUMBO', 'Parcialmente', '2021-06-10 00:00:00', 337, 4),
(1365, 10, 'Bricolajes La Alameda', 'Parcialmente', '2020-06-03 00:00:00', 185, 3),
(1366, 9, 'Minerales Estalactita', 'Parcialmente', '2020-04-16 00:00:00', 318, 20),
(1367, 16, 'JUMBO', 'No', '2021-06-07 00:00:00', 315, 15),
(1368, 6, 'Homecenter', 'No', '2020-06-28 00:00:00', 48, 15),
(1369, 6, 'Minerales Estalactita', 'No', '2020-05-07 00:00:00', 278, 13),
(1370, 2, 'Minerales Estalactita', 'Si', '2020-01-22 00:00:00', 259, 10),
(1371, 6, 'Homecenter', 'Si', '2020-10-16 00:00:00', 176, 2),
(1372, 6, 'Cementos El Dorado', 'No', '2020-12-22 00:00:00', 155, 2),
(1373, 6, 'Minerales Estalactita', 'Parcialmente', '2020-10-07 00:00:00', 320, 7),
(1374, 15, 'Bricolajes La Alameda', 'Parcialmente', '2020-07-25 00:00:00', 143, 8),
(1375, 2, 'Cementos El Dorado', 'Parcialmente', '2020-11-01 00:00:00', 79, 10),
(1376, 13, 'Bricolajes La Alameda', 'Parcialmente', '2021-01-04 00:00:00', 325, 6),
(1377, 16, 'Cementos El Dorado', 'Parcialmente', '2020-04-23 00:00:00', 132, 3),
(1378, 6, 'Homecenter', 'Parcialmente', '2020-12-20 00:00:00', 120, 14),
(1379, 15, 'Minerales Estalactita', 'Si', '2020-07-25 00:00:00', 325, 12),
(1380, 20, 'Cementos El Dorado', 'No', '2021-06-28 00:00:00', 308, 15),
(1381, 12, 'Homecenter', 'Parcialmente', '2021-04-03 00:00:00', 259, 1),
(1382, 10, 'Minerales Estalactita', 'Parcialmente', '2021-01-19 00:00:00', 364, 14),
(1383, 2, 'JUMBO', 'Parcialmente', '2021-02-20 00:00:00', 143, 16),
(1384, 4, 'JUMBO', 'Parcialmente', '2021-01-07 00:00:00', 333, 15),
(1385, 16, 'Cementos El Dorado', 'No', '2020-04-06 00:00:00', 390, 11),
(1386, 13, 'Cementos El Dorado', 'Parcialmente', '2021-06-12 00:00:00', 32, 6),
(1387, 9, 'Minerales Estalactita', 'Si', '2020-08-09 00:00:00', 372, 2),
(1388, 5, 'Homecenter', 'No', '2020-02-21 00:00:00', 18, 20),
(1389, 4, 'Cementos El Dorado', 'Si', '2020-12-10 00:00:00', 175, 19),
(1390, 16, 'Cementos El Dorado', 'Si', '2021-02-08 00:00:00', 13, 11),
(1391, 14, 'Homecenter', 'Parcialmente', '2021-01-04 00:00:00', 12, 19),
(1392, 13, 'Bricolajes La Alameda', 'Si', '2020-07-23 00:00:00', 242, 2),
(1393, 7, 'JUMBO', 'No', '2021-02-15 00:00:00', 349, 8),
(1394, 11, 'Minerales Estalactita', 'No', '2021-05-01 00:00:00', 104, 21),
(1395, 19, 'Bricolajes La Alameda', 'Parcialmente', '2020-04-18 00:00:00', 138, 11),
(1396, 20, 'Cementos El Dorado', 'No', '2020-01-24 00:00:00', 146, 11),
(1397, 5, 'JUMBO', 'No', '2020-08-03 00:00:00', 319, 9),
(1398, 18, 'Bricolajes La Alameda', 'Si', '2020-10-22 00:00:00', 220, 16),
(1399, 8, 'JUMBO', 'No', '2020-06-22 00:00:00', 116, 11),
(1400, 8, 'Minerales Estalactita', 'Parcialmente', '2021-05-11 00:00:00', 33, 11),
(1401, 18, 'Bricolajes La Alameda', 'No', '2020-10-17 00:00:00', 182, 16),
(1402, 2, 'JUMBO', 'No', '2020-06-21 00:00:00', 139, 12),
(1403, 1, 'Cementos El Dorado', 'No', '2020-04-16 00:00:00', 107, 19),
(1404, 17, 'Minerales Estalactita', 'Si', '2020-09-22 00:00:00', 295, 19),
(1405, 16, 'Homecenter', 'No', '2020-08-01 00:00:00', 341, 14),
(1406, 8, 'Cementos El Dorado', 'No', '2020-03-02 00:00:00', 292, 8),
(1407, 12, 'Minerales Estalactita', 'Si', '2020-08-12 00:00:00', 231, 3),
(1408, 20, 'Minerales Estalactita', 'No', '2020-09-04 00:00:00', 380, 3),
(1409, 14, 'Cementos El Dorado', 'No', '2021-05-09 00:00:00', 85, 6),
(1410, 3, 'Cementos El Dorado', 'Parcialmente', '2021-03-10 00:00:00', 254, 21),
(1411, 5, 'Minerales Estalactita', 'Parcialmente', '2020-04-25 00:00:00', 13, 18),
(1412, 8, 'Minerales Estalactita', 'Si', '2020-03-24 00:00:00', 311, 6),
(1413, 3, 'Bricolajes La Alameda', 'Si', '2020-09-07 00:00:00', 20, 17),
(1414, 5, 'Homecenter', 'No', '2020-04-12 00:00:00', 87, 8),
(1415, 15, 'Homecenter', 'No', '2020-01-16 00:00:00', 46, 9),
(1416, 18, 'Cementos El Dorado', 'Parcialmente', '2021-01-21 00:00:00', 106, 2),
(1417, 17, 'Homecenter', 'No', '2020-06-26 00:00:00', 192, 20),
(1418, 15, 'JUMBO', 'No', '2020-06-13 00:00:00', 288, 13),
(1419, 14, 'Homecenter', 'No', '2020-07-08 00:00:00', 310, 6),
(1420, 7, 'Minerales Estalactita', 'Si', '2020-07-10 00:00:00', 391, 4),
(1421, 2, 'Cementos El Dorado', 'Si', '2021-01-09 00:00:00', 230, 3),
(1422, 6, 'Cementos El Dorado', 'No', '2020-03-27 00:00:00', 247, 11),
(1423, 10, 'Cementos El Dorado', 'Si', '2020-10-23 00:00:00', 176, 3),
(1424, 17, 'Bricolajes La Alameda', 'Parcialmente', '2021-05-17 00:00:00', 228, 21),
(1425, 14, 'Homecenter', 'Parcialmente', '2021-06-24 00:00:00', 265, 16),
(1426, 16, 'Bricolajes La Alameda', 'Parcialmente', '2020-07-21 00:00:00', 318, 10),
(1427, 14, 'Cementos El Dorado', 'No', '2020-06-19 00:00:00', 386, 13),
(1428, 5, 'Homecenter', 'No', '2020-09-27 00:00:00', 400, 20),
(1429, 17, 'Bricolajes La Alameda', 'Si', '2021-04-28 00:00:00', 15, 21),
(1430, 16, 'Cementos El Dorado', 'Si', '2020-08-03 00:00:00', 335, 7),
(1431, 15, 'Cementos El Dorado', 'Parcialmente', '2020-11-08 00:00:00', 218, 20),
(1432, 1, 'Cementos El Dorado', 'No', '2021-01-08 00:00:00', 148, 6),
(1433, 18, 'Homecenter', 'Parcialmente', '2020-10-02 00:00:00', 29, 18),
(1434, 11, 'JUMBO', 'Parcialmente', '2021-02-01 00:00:00', 34, 15),
(1435, 18, 'JUMBO', 'Parcialmente', '2021-02-21 00:00:00', 162, 13),
(1436, 12, 'JUMBO', 'Si', '2021-02-06 00:00:00', 319, 11),
(1437, 20, 'Bricolajes La Alameda', 'No', '2020-10-25 00:00:00', 250, 9),
(1438, 2, 'Cementos El Dorado', 'No', '2020-05-05 00:00:00', 323, 1),
(1439, 19, 'Bricolajes La Alameda', 'No', '2020-11-04 00:00:00', 163, 8),
(1440, 13, 'Minerales Estalactita', 'No', '2020-04-13 00:00:00', 291, 17),
(1441, 14, 'Minerales Estalactita', 'No', '2021-05-24 00:00:00', 338, 10),
(1442, 2, 'Bricolajes La Alameda', 'Parcialmente', '2020-01-05 00:00:00', 60, 21),
(1443, 3, 'Cementos El Dorado', 'Si', '2021-02-02 00:00:00', 43, 10),
(1444, 15, 'JUMBO', 'Si', '2021-02-26 00:00:00', 303, 12),
(1445, 7, 'JUMBO', 'Parcialmente', '2020-09-14 00:00:00', 318, 11),
(1446, 1, 'Cementos El Dorado', 'Si', '2020-01-03 00:00:00', 109, 19),
(1447, 16, 'Homecenter', 'Parcialmente', '2021-04-01 00:00:00', 54, 14),
(1448, 17, 'Bricolajes La Alameda', 'Si', '2021-02-19 00:00:00', 50, 8),
(1449, 6, 'JUMBO', 'Si', '2021-04-04 00:00:00', 318, 10),
(1450, 12, 'JUMBO', 'Parcialmente', '2020-09-28 00:00:00', 204, 8),
(1451, 20, 'JUMBO', 'Si', '2020-06-15 00:00:00', 359, 16),
(1452, 18, 'Cementos El Dorado', 'Si', '2021-04-12 00:00:00', 359, 4),
(1453, 7, 'Homecenter', 'Si', '2020-10-20 00:00:00', 387, 4),
(1454, 12, 'Bricolajes La Alameda', 'No', '2020-10-10 00:00:00', 187, 7),
(1455, 16, 'Bricolajes La Alameda', 'Parcialmente', '2020-03-26 00:00:00', 226, 9);
INSERT INTO `Compra` (`ID_Compra`, `Cantidad`, `Proveedor`, `Pagado`, `Fecha`, `ID_Proyecto`, `ID_MaterialConstruccion`) VALUES
(1456, 15, 'Homecenter', 'Parcialmente', '2020-03-04 00:00:00', 256, 21),
(1457, 15, 'Cementos El Dorado', 'Parcialmente', '2020-03-06 00:00:00', 260, 13),
(1458, 18, 'Homecenter', 'Parcialmente', '2020-04-27 00:00:00', 397, 6),
(1459, 9, 'Minerales Estalactita', 'No', '2020-04-16 00:00:00', 259, 18),
(1460, 18, 'JUMBO', 'Si', '2020-02-15 00:00:00', 72, 6),
(1461, 7, 'JUMBO', 'No', '2020-07-26 00:00:00', 126, 20),
(1462, 16, 'Minerales Estalactita', 'Si', '2020-07-01 00:00:00', 238, 15),
(1463, 14, 'Minerales Estalactita', 'No', '2020-11-09 00:00:00', 280, 2),
(1464, 3, 'Homecenter', 'Si', '2021-03-21 00:00:00', 295, 3),
(1465, 9, 'Homecenter', 'Parcialmente', '2020-11-25 00:00:00', 190, 18),
(1466, 6, 'Homecenter', 'Si', '2020-10-28 00:00:00', 396, 9),
(1467, 8, 'JUMBO', 'Parcialmente', '2020-06-17 00:00:00', 326, 6),
(1468, 16, 'Homecenter', 'No', '2020-04-16 00:00:00', 368, 6),
(1469, 7, 'JUMBO', 'Si', '2020-08-17 00:00:00', 319, 20),
(1470, 1, 'Cementos El Dorado', 'No', '2020-08-16 00:00:00', 47, 20),
(1471, 17, 'JUMBO', 'No', '2020-12-19 00:00:00', 283, 5),
(1472, 9, 'Bricolajes La Alameda', 'No', '2020-11-11 00:00:00', 391, 3),
(1473, 14, 'Homecenter', 'Si', '2020-10-14 00:00:00', 203, 17),
(1474, 20, 'Bricolajes La Alameda', 'Parcialmente', '2020-03-11 00:00:00', 176, 8),
(1475, 15, 'Bricolajes La Alameda', 'Si', '2021-05-25 00:00:00', 245, 6),
(1476, 1, 'Bricolajes La Alameda', 'Parcialmente', '2020-12-15 00:00:00', 81, 20),
(1477, 16, 'Bricolajes La Alameda', 'No', '2020-07-14 00:00:00', 30, 15),
(1478, 12, 'JUMBO', 'Si', '2021-02-13 00:00:00', 367, 7),
(1479, 14, 'Homecenter', 'No', '2021-03-21 00:00:00', 292, 7),
(1480, 12, 'Cementos El Dorado', 'Parcialmente', '2021-03-06 00:00:00', 193, 1),
(1481, 4, 'JUMBO', 'Parcialmente', '2021-02-19 00:00:00', 247, 11),
(1482, 9, 'Bricolajes La Alameda', 'Si', '2021-05-03 00:00:00', 400, 19),
(1483, 16, 'Cementos El Dorado', 'Si', '2021-02-11 00:00:00', 297, 3),
(1484, 14, 'Bricolajes La Alameda', 'Parcialmente', '2020-03-09 00:00:00', 148, 18),
(1485, 2, 'Bricolajes La Alameda', 'Si', '2020-08-12 00:00:00', 21, 15),
(1486, 16, 'JUMBO', 'Si', '2020-08-04 00:00:00', 287, 1),
(1487, 2, 'Homecenter', 'No', '2020-11-23 00:00:00', 205, 2),
(1488, 6, 'Bricolajes La Alameda', 'Si', '2020-01-06 00:00:00', 232, 5),
(1489, 3, 'Bricolajes La Alameda', 'Si', '2020-02-08 00:00:00', 342, 13),
(1490, 12, 'JUMBO', 'Parcialmente', '2021-03-19 00:00:00', 227, 19),
(1491, 4, 'Bricolajes La Alameda', 'No', '2020-10-02 00:00:00', 392, 7),
(1492, 2, 'JUMBO', 'No', '2020-04-02 00:00:00', 325, 17),
(1493, 18, 'Bricolajes La Alameda', 'No', '2020-03-06 00:00:00', 73, 4),
(1494, 18, 'JUMBO', 'Parcialmente', '2020-10-28 00:00:00', 126, 7),
(1495, 10, 'Minerales Estalactita', 'No', '2020-01-13 00:00:00', 148, 2),
(1496, 14, 'Bricolajes La Alameda', 'Parcialmente', '2020-04-08 00:00:00', 176, 19),
(1497, 17, 'Cementos El Dorado', 'Si', '2020-10-08 00:00:00', 141, 8),
(1498, 2, 'Cementos El Dorado', 'Parcialmente', '2021-01-28 00:00:00', 192, 12),
(1499, 1, 'Cementos El Dorado', 'No', '2020-03-08 00:00:00', 64, 12),
(1500, 7, 'Bricolajes La Alameda', 'No', '2020-10-18 00:00:00', 351, 19);

-- --------------------------------------------------------

--
-- Table structure for table `Lider`
--

CREATE TABLE `Lider` (
  `ID_Lider` int(11) NOT NULL,
  `Nombre` varchar(45) NOT NULL,
  `Primer_Apellido` varchar(45) NOT NULL,
  `Segundo_Apellido` varchar(45) NOT NULL,
  `Salario` int(11) NOT NULL,
  `Ciudad_Residencia` varchar(45) NOT NULL,
  `Cargo` varchar(45) NOT NULL,
  `Clasificacion` double NOT NULL,
  `Documento_Identidad` varchar(12) NOT NULL,
  `Fecha_Nacimiento` datetime NOT NULL
) ENGINE=InnoDB DEFAULT CHARSET=utf8mb4;

--
-- Dumping data for table `Lider`
--

INSERT INTO `Lider` (`ID_Lider`, `Nombre`, `Primer_Apellido`, `Segundo_Apellido`, `Salario`, `Ciudad_Residencia`, `Cargo`, `Clasificacion`, `Documento_Identidad`, `Fecha_Nacimiento`) VALUES
(1, 'Nadia', 'Ocampo', 'Godoy', 860539, 'Quibdo', 'Asociado', 4, '4078LV6', '1978-09-25 00:00:00'),
(2, 'Jorge', 'Caceres', 'Ortiz', 399053, 'Neiva', 'Asesor', 4, 'P12WmZ2', '1941-10-10 00:00:00'),
(3, 'Diana', 'Rivera', 'Arias', 427428, 'Paris', 'Asociado', 2, 'cRu1F48', '1953-03-27 00:00:00'),
(4, 'Carlos', 'Jimenez', 'Figueroa', 334030, 'Ibague', 'Gerente', 6, '38841lR', '1992-03-10 00:00:00'),
(5, 'George', 'Falcon', 'Arias', 427428, 'Dubai', 'Asesor', 3, 'PAQiMWe', '1964-04-21 00:00:00'),
(6, 'Beatriz', 'Lopez', 'Arias', 874145, 'Cartago', 'Coordinador', 5, '4u8b728', '1977-03-14 00:00:00'),
(7, 'Jack', 'Arteaga', 'Andrade', 867658, 'Dubai', 'Asesor', 6, 'sX7Ow5U', '1982-03-15 00:00:00'),
(8, 'Carlos', 'Rodriguez', 'Palacio', 515418, 'Bucaramanga', 'Asesor', 3, 'si751AR', '1984-06-10 00:00:00'),
(9, 'Jorge', 'Gomez', 'Federer', 500449, 'Barranquilla', 'Asesor', 3, '92Z22RW', '1956-07-28 00:00:00'),
(10, 'Luis', 'Barrera', 'Parra', 279398, 'Quibdo', 'Asociado', 2, '63I06b0', '1987-02-24 00:00:00'),
(11, 'Beatriz', 'Jimenez', 'Ardila', 447023, 'Santa Marta', 'Asesor', 4, 'OlvDwEK', '1947-02-02 00:00:00'),
(12, 'Libia', 'Perez', 'Hernandez', 500449, 'Londres', 'Gerente', 1, '8Q3J2yE', '1999-03-13 00:00:00'),
(13, 'Homero', 'Falcon', 'Godoy', 500449, 'Pereira', 'Gerente', 6, '7MS1B09', '1963-03-17 00:00:00'),
(14, 'Paul', 'Sucerquia', 'Hernandez', 867658, 'Pereira', 'Asociado', 5, '6Z4Ll9u', '1950-01-17 00:00:00'),
(15, 'Juana', 'Perez', 'Galvis', 101331, 'Pereira', 'Gerente', 4, 'OMGV457', '1956-11-22 00:00:00'),
(16, 'Roncancio', 'Orozco', 'Arias', 119554, 'Dubai', 'Asociado', 5, '7j0y39f', '1997-05-01 00:00:00'),
(17, 'Paul', 'Jimenez', 'Parra', 557888, 'Barranquilla', 'Accionista', 2, 'Bj3P6vN', '1961-07-27 00:00:00'),
(18, 'Carla', 'Gomez', 'Parra', 399053, 'Ibague', 'Coordinador', 6, 'j22jS84', '1971-12-26 00:00:00'),
(19, 'Paul', 'Perez', 'Arias', 422142, 'Barranquilla', 'Gerente', 5, 'mt856bP', '1943-05-23 00:00:00'),
(20, 'Jorge', 'Gomez', 'Velez', 635672, 'Ibague', 'Gerente', 6, 'm7z4LE4', '1988-08-11 00:00:00'),
(21, 'Paul', 'Barrera', 'Hernandez', 279398, 'Barranquilla', 'Asesor', 4, 'F4A6m9Q', '1968-10-01 00:00:00'),
(22, 'Homero', 'Perez', 'Parra', 447023, 'Dubai', 'Gerente', 1, 'i64M3S2', '1947-12-23 00:00:00'),
(23, 'Monica', 'Rivera', 'Hernandez', 67606, 'Bucaramanga', 'Asociado', 4, '8d049M5', '1980-06-10 00:00:00'),
(24, 'Juana', 'Rodriguez', 'Velez', 867658, 'Paris', 'Asesor', 4, 'c1rKt4C', '1974-10-25 00:00:00'),
(25, 'Moe', 'Falcon', 'Cardenas', 399053, 'Monteria', 'Accionista', 3, 'WZ41785', '1954-09-28 00:00:00'),
(26, 'Carla', 'Jimenez', 'Velez', 860539, 'Neiva', 'Coordinador', 3, '10W8dzt', '1966-08-27 00:00:00'),
(27, 'Nadia', 'Pelaez', 'Galvis', 1071, 'Dubai', 'Asesor', 5, '0Q3Z0bh', '1967-03-14 00:00:00'),
(28, 'Nadia', 'Escobar', 'Rojas', 860539, 'Cartago', 'Gerente', 1, 'Y874x07', '1976-11-22 00:00:00'),
(29, 'Jorge', 'Jimenez', 'Gonzalez', 101331, 'Bucaramanga', 'Gerente', 2, '1p9jNYA', '1957-12-06 00:00:00'),
(30, 'Homero', 'Caceres', 'Rojas', 570981, 'Cartago', 'Asesor', 2, '4900454', '1950-07-17 00:00:00'),
(31, 'Carla', 'Linares', 'Velez', 500449, 'Bogota', 'Accionista', 1, 'F5GN6Ri', '1949-05-14 00:00:00'),
(32, 'Libia', 'Pelaez', 'Hernandez', 860539, 'Ibague', 'Asesor', 1, 'lg742pR', '2001-07-06 00:00:00'),
(33, 'Jack', 'Escobar', 'Cuadrado', 67606, 'Bucaramanga', 'Gerente', 6, '22365y5', '1970-10-23 00:00:00'),
(34, 'Bart', 'Rivera', 'Ortiz', 447023, 'Neiva', 'Gerente', 5, '39pUJ58', '1970-10-13 00:00:00'),
(35, 'Paul', 'Escobar', 'Ortiz', 119554, 'Ibague', 'Coordinador', 4, 'bFr3ewP', '1995-11-21 00:00:00'),
(36, 'Libia', 'Pelaez', 'Rojas', 334030, 'Cartagena', 'Asociado', 6, '83940BO', '1970-11-19 00:00:00'),
(37, 'Maradona', 'Jimenez', 'Godoy', 635672, 'Monteria', 'Gerente', 4, 'p3SWA7U', '1965-11-05 00:00:00'),
(38, 'Juana', 'Falcon', 'Rojas', 660085, 'Cartago', 'Accionista', 6, '6FFH0hC', '1975-10-07 00:00:00'),
(39, 'Homero', 'Rodriguez', 'Ardila', 279398, 'Londres', 'Gerente', 1, '885NhYL', '1989-04-07 00:00:00'),
(40, 'Maradona', 'Arteaga', 'Figueroa', 334030, 'Bogota', 'Accionista', 6, '350Aj9Z', '1989-03-27 00:00:00'),
(41, 'Carla', 'Barrera', 'Cuadrado', 557888, 'Cartagena', 'Gerente', 1, '01e17c3', '1993-02-05 00:00:00'),
(42, 'Homero', 'Caceres', 'Rojas', 422142, 'Manizales', 'Accionista', 5, 'Fb3z07U', '1984-05-17 00:00:00'),
(43, 'Carlos', 'Camargo', 'Arias', 635672, 'Dubai', 'Coordinador', 6, '6uz4688', '1970-04-24 00:00:00'),
(44, 'Bart', 'Linares', 'Federer', 422142, 'Ibague', 'Asesor', 3, '5U17uK9', '1957-05-26 00:00:00'),
(45, 'Nadia', 'Lopez', 'Ortiz', 500449, 'Bogota', 'Accionista', 4, '563Y861', '1969-05-09 00:00:00'),
(46, 'Carlos', 'Linares', 'Figueroa', 1071, 'Barranquilla', 'Asesor', 3, '5Sp1o3Q', '1954-03-27 00:00:00'),
(47, 'Juana', 'Ocampo', 'Velez', 570981, 'Bucaramanga', 'Asesor', 3, 'sVfH5u9', '1960-06-10 00:00:00'),
(48, 'Carla', 'Rodriguez', 'Andrade', 874145, 'Cartago', 'Asesor', 4, 'B4QVL44', '1991-05-11 00:00:00'),
(49, 'Diana', 'Arteaga', 'Rojas', 172462, 'Armenia', 'Asociado', 6, '9j3w2ER', '1945-05-13 00:00:00'),
(50, 'Carlos', 'Jimenez', 'Federer', 447023, 'Ibague', 'Asesor', 1, 'aFds082', '1986-06-02 00:00:00');

-- --------------------------------------------------------

--
-- Table structure for table `MaterialConstruccion`
--

CREATE TABLE `MaterialConstruccion` (
  `ID_MaterialConstruccion` int(11) NOT NULL,
  `Nombre_Material` varchar(45) NOT NULL,
  `Importado` varchar(45) NOT NULL,
  `Precio_Unidad` int(11) NOT NULL
) ENGINE=InnoDB DEFAULT CHARSET=utf8mb4;

--
-- Dumping data for table `MaterialConstruccion`
--

INSERT INTO `MaterialConstruccion` (`ID_MaterialConstruccion`, `Nombre_Material`, `Importado`, `Precio_Unidad`) VALUES
(1, 'Granito', 'Si', 1130),
(2, 'Marmol', 'No', 2168),
(3, 'Cemento', 'Si', 1278),
(4, 'Ladrillo', 'Si', 1011),
(5, 'Vidrio', 'No', 2339),
(6, 'Acero', 'Si', 1519),
(7, 'Zinc', 'No', 1310),
(8, 'Aluminio', 'Si', 1187),
(9, 'Plomo', 'No', 1510),
(10, 'Cobre', 'No', 1106),
(11, 'Madera', 'No', 1824),
(12, 'Caucho', 'No', 1011),
(13, 'Linoleo', 'Si', 2227),
(14, 'Bambu', 'Si', 1986),
(15, 'Corcho', 'No', 2480),
(16, 'Poliestireno', 'Si', 2163),
(17, 'Silicona', 'Si', 1193),
(18, 'Asfalto', 'No', 1287),
(19, 'Acrilicos', 'Si', 2156),
(20, 'Neopreno', 'No', 1502),
(21, 'Pernos Tipo I', 'No', 1193);

-- --------------------------------------------------------

--
-- Table structure for table `Proyecto`
--

CREATE TABLE `Proyecto` (
  `ID_Proyecto` int(11) NOT NULL,
  `Fecha_Inicio` datetime NOT NULL,
  `Constructora` varchar(45) NOT NULL,
  `Numero_Banos` double NOT NULL,
  `Numero_Habitaciones` double NOT NULL,
  `Banco_Vinculado` varchar(45) NOT NULL,
  `Porcentaje_Cuota_Inicial` double NOT NULL,
  `Ciudad` varchar(45) NOT NULL,
  `Clasificacion` varchar(45) NOT NULL,
  `Acabados` varchar(45) NOT NULL,
  `Serial` varchar(12) NOT NULL,
  `ID_Tipo` int(11) NOT NULL,
  `ID_Lider` int(11) NOT NULL
) ENGINE=InnoDB DEFAULT CHARSET=utf8mb4;

--
-- Dumping data for table `Proyecto`
--

INSERT INTO `Proyecto` (`ID_Proyecto`, `Fecha_Inicio`, `Constructora`, `Numero_Banos`, `Numero_Habitaciones`, `Banco_Vinculado`, `Porcentaje_Cuota_Inicial`, `Ciudad`, `Clasificacion`, `Acabados`, `Serial`, `ID_Tipo`, `ID_Lider`) VALUES
(1, '2020-12-07 00:00:00', 'Arquitectura S.A.', 2, 2, 'Conavi', 0.3, 'Manizales', 'Casa Campestre', 'No', 'w1266T8FI', 4, 36),
(2, '2019-09-09 00:00:00', 'Pegaso', 1, 1, 'Davivienda', 0.1, 'Ibague', 'Casa Campestre', 'No', 'LH5D735BP', 1, 32),
(3, '2020-12-07 00:00:00', 'Hermanos Gallego', 1, 3, 'Bancolombia', 0.3, 'Quibdo', 'Casa', 'Si', 'H25569CBP', 5, 42),
(4, '2021-04-04 00:00:00', 'Ingenieros Ltda.', 2, 4, 'Bancolombia', 0.2, 'Pereira', 'Condominio', 'Si', 'E1U20KCBP', 2, 12),
(5, '2020-12-07 00:00:00', 'Ingenieros Ltda.', 3, 3, 'Colpatria', 0.1, 'Neiva', 'Casa', 'Si', 'RJT83z2BP', 2, 46),
(6, '2021-04-04 00:00:00', 'Hermanos Gallego', 2, 4, 'Davivienda', 0.1, 'Barranquilla', 'Apartamento', 'Si', '950EXDVFI', 5, 15),
(7, '2020-12-07 00:00:00', 'Arquitectura S.A.', 2, 3, 'Colmena', 0.2, 'Salento', 'Apartaestudio', 'Si', 'E5O7676BP', 3, 50),
(8, '2021-04-04 00:00:00', 'Hermanos Gallego', 1, 4, 'Conavi', 0.2, 'Armenia', 'Condominio', 'No', 'JAg53QZFI', 5, 48),
(9, '2021-04-04 00:00:00', 'Arquitectura S.A.', 3, 1, 'Colpatria', 0.1, 'Monteria', 'Apartaestudio', 'No', '3N2101LBP', 2, 38),
(10, '2020-06-15 00:00:00', 'Ingenieros Ltda.', 3, 4, 'Colmena', 0.3, 'Manizales', 'Apartaestudio', 'Si', '6s315d4FI', 2, 43),
(11, '2020-12-07 00:00:00', 'Pegaso', 2, 1, 'Colmena', 0.3, 'Bogota', 'Apartamento', 'No', '3254DUbFI', 1, 14),
(12, '2021-04-04 00:00:00', 'Edificios y Edificios', 3, 1, 'Colmena', 0.1, 'Bucaramanga', 'Casa', 'Si', '4hNpS34BP', 1, 6),
(13, '2020-12-07 00:00:00', 'Ingenieros Ltda.', 3, 3, 'Colmena', 0.3, 'Santa Marta', 'Casa', 'Si', '51M1u59FI', 4, 50),
(14, '2021-04-04 00:00:00', 'Hermanos Gallego', 2, 1, 'Bancolombia', 0.3, 'Pereira', 'Apartaestudio', 'No', '76732XSBP', 4, 10),
(15, '2021-04-04 00:00:00', 'Arquitectura S.A.', 1, 2, 'Davivienda', 0.1, 'Neiva', 'Apartamento', 'Si', 'A3ZSsP3FI', 1, 45),
(16, '2019-09-09 00:00:00', 'Edificios y Edificios', 3, 4, 'Banco de Occidente', 0.3, 'Pereira', 'Casa', 'No', '759t1sDFI', 3, 25),
(17, '2020-06-15 00:00:00', 'Arquitectura S.A.', 3, 1, 'Conavi', 0.1, 'Quibdo', 'Apartaestudio', 'No', 'c964i9FBP', 1, 50),
(18, '2019-09-09 00:00:00', 'Arquitectura S.A.', 1, 4, 'Colmena', 0.1, 'Sta. Rosa de Cabal', 'Apartaestudio', 'No', '7or583CBP', 1, 31),
(19, '2021-04-04 00:00:00', 'Pegaso', 3, 2, 'Davivienda', 0.1, 'Monteria', 'Apartamento', 'Si', 'EEl8838BP', 1, 15),
(20, '2020-06-15 00:00:00', 'Hermanos Gallego', 1, 2, 'Banco de Occidente', 0.2, 'Bogota', 'Condominio', 'Si', '4VdY500FI', 1, 1),
(21, '2020-06-15 00:00:00', 'Edificios y Edificios', 2, 3, 'Conavi', 0.2, 'Ibague', 'Casa', 'No', '4fc39eGFI', 3, 22),
(22, '2019-09-09 00:00:00', 'Hermanos Gallego', 3, 4, 'Bancolombia', 0.1, 'Barranquilla', 'Apartaestudio', 'Si', '4X791B1BP', 1, 36),
(23, '2019-09-09 00:00:00', 'Edificios y Edificios', 2, 1, 'Banco de Occidente', 0.1, 'Salento', 'Casa Campestre', 'Si', '65398kmFI', 3, 28),
(24, '2021-04-04 00:00:00', 'Edificios y Edificios', 3, 3, 'Colmena', 0.1, 'Pereira', 'Apartamento', 'Si', '6d125FLBP', 5, 45),
(25, '2019-09-09 00:00:00', 'Arquitectura S.A.', 2, 2, 'Bancolombia', 0.2, 'Pereira', 'Casa Campestre', 'Si', '84b6874FI', 4, 33),
(26, '2020-12-07 00:00:00', 'Ingenieros Ltda.', 1, 2, 'Davivienda', 0.2, 'Ibague', 'Condominio', 'No', '9974YsKBP', 1, 42),
(27, '2020-12-07 00:00:00', 'Arquitectura S.A.', 1, 1, 'Davivienda', 0.3, 'Salento', 'Casa Campestre', 'No', '8CD5064FI', 5, 9),
(28, '2021-04-04 00:00:00', 'Arquitectura S.A.', 1, 1, 'Banco de Occidente', 0.3, 'Ibague', 'Apartamento', 'Si', 'li7D4OlFI', 5, 40),
(29, '2021-04-04 00:00:00', 'Ingenieros Ltda.', 2, 2, 'Davivienda', 0.1, 'Cartago', 'Casa', 'Si', '4i76y19BP', 5, 35),
(30, '2020-12-07 00:00:00', 'Arquitectura S.A.', 1, 3, 'Conavi', 0.2, 'Cartagena', 'Casa', 'Si', '01z5yaQBP', 3, 20),
(31, '2020-06-15 00:00:00', 'Ingenieros Ltda.', 1, 2, 'Conavi', 0.2, 'Sta. Rosa de Cabal', 'Condominio', 'Si', '83M99F6BP', 3, 9),
(32, '2019-09-09 00:00:00', 'Arquitectura S.A.', 3, 4, 'Bancolombia', 0.1, 'Cartago', 'Condominio', 'Si', 'kPtwb14BP', 5, 39),
(33, '2020-06-15 00:00:00', 'Ingenieros Ltda.', 1, 1, 'Colmena', 0.2, 'Neiva', 'Apartamento', 'Si', 'A8E0aV2FI', 5, 19),
(34, '2021-04-04 00:00:00', 'Hermanos Gallego', 1, 2, 'Banco de Occidente', 0.3, 'Monteria', 'Condominio', 'Si', 'I418711FI', 5, 47),
(35, '2021-04-04 00:00:00', 'Ingenieros Ltda.', 1, 3, 'Colpatria', 0.3, 'Barranquilla', 'Casa', 'Si', 'C894lcbBP', 5, 33),
(36, '2021-04-04 00:00:00', 'Ingenieros Ltda.', 3, 3, 'Colmena', 0.1, 'Ibague', 'Condominio', 'No', '9Z3sY3XBP', 1, 36),
(37, '2019-09-09 00:00:00', 'Pegaso', 1, 4, 'Colpatria', 0.3, 'Sta. Rosa de Cabal', 'Casa', 'Si', '2204wPjFI', 5, 34),
(38, '2020-06-15 00:00:00', 'Pegaso', 1, 4, 'Colpatria', 0.3, 'Bucaramanga', 'Casa Campestre', 'No', '46Ri535FI', 2, 7),
(39, '2020-12-07 00:00:00', 'Arquitectura S.A.', 2, 2, 'Bancolombia', 0.1, 'Cartago', 'Casa Campestre', 'Si', '1d2Mc16FI', 1, 8),
(40, '2020-06-15 00:00:00', 'Pegaso', 3, 1, 'Conavi', 0.1, 'Bucaramanga', 'Casa', 'No', 'R77D7GZBP', 4, 27),
(41, '2019-09-09 00:00:00', 'Ingenieros Ltda.', 3, 3, 'Conavi', 0.1, 'Manizales', 'Casa Campestre', 'No', 'Qi1vU89FI', 1, 12),
(42, '2021-04-04 00:00:00', 'Arquitectura S.A.', 3, 1, 'Colmena', 0.1, 'Cartagena', 'Casa Campestre', 'No', 'f2Ja1v4BP', 5, 10),
(43, '2019-09-09 00:00:00', 'Edificios y Edificios', 3, 1, 'Colmena', 0.1, 'Manizales', 'Casa Campestre', 'Si', '165eZwyBP', 3, 35),
(44, '2020-06-15 00:00:00', 'Hermanos Gallego', 2, 3, 'Davivienda', 0.2, 'Neiva', 'Condominio', 'No', '90Ol685BP', 5, 40),
(45, '2021-04-04 00:00:00', 'Hermanos Gallego', 1, 2, 'Colmena', 0.2, 'Monteria', 'Casa Campestre', 'Si', '7C124POBP', 2, 26),
(46, '2021-04-04 00:00:00', 'Edificios y Edificios', 2, 3, 'Conavi', 0.2, 'Barranquilla', 'Casa', 'Si', 'e2cG0k0BP', 3, 18),
(47, '2020-06-15 00:00:00', 'Hermanos Gallego', 1, 4, 'Colpatria', 0.1, 'Salento', 'Condominio', 'No', '2wPr4oWBP', 4, 32),
(48, '2020-06-15 00:00:00', 'Edificios y Edificios', 2, 1, 'Banco de Occidente', 0.2, 'Sta. Rosa de Cabal', 'Casa Campestre', 'No', 'U203826FI', 5, 13),
(49, '2019-09-09 00:00:00', 'Hermanos Gallego', 1, 3, 'Colpatria', 0.3, 'Manizales', 'Condominio', 'Si', '53951V0BP', 1, 41),
(50, '2019-09-09 00:00:00', 'Arquitectura S.A.', 3, 3, 'Colpatria', 0.2, 'Bogota', 'Casa', 'No', '81elyNyBP', 3, 10),
(51, '2019-09-09 00:00:00', 'Edificios y Edificios', 3, 3, 'Colpatria', 0.3, 'Cartagena', 'Casa', 'No', 'k3RYKo3FI', 5, 25),
(52, '2021-04-04 00:00:00', 'Ingenieros Ltda.', 2, 3, 'Colpatria', 0.2, 'Pereira', 'Apartaestudio', 'No', '7Db3P75BP', 1, 11),
(53, '2019-09-09 00:00:00', 'Pegaso', 3, 4, 'Colmena', 0.3, 'Ibague', 'Condominio', 'No', '9PH5IB2BP', 5, 38),
(54, '2020-12-07 00:00:00', 'Hermanos Gallego', 3, 1, 'Colmena', 0.1, 'Santa Marta', 'Casa Campestre', 'Si', '530I8sjFI', 2, 45),
(55, '2019-09-09 00:00:00', 'Hermanos Gallego', 3, 3, 'Banco de Occidente', 0.2, 'Armenia', 'Apartaestudio', 'Si', '879Z3i9BP', 4, 1),
(56, '2019-09-09 00:00:00', 'Edificios y Edificios', 1, 4, 'Banco de Occidente', 0.2, 'Bucaramanga', 'Apartamento', 'No', '0pP8064FI', 1, 37),
(57, '2020-06-15 00:00:00', 'Ingenieros Ltda.', 1, 3, 'Davivienda', 0.1, 'Santa Marta', 'Condominio', 'Si', '02uWjBXFI', 5, 37),
(58, '2020-12-07 00:00:00', 'Pegaso', 3, 2, 'Conavi', 0.1, 'Pereira', 'Casa', 'No', '02ZB46wFI', 3, 2),
(59, '2021-04-04 00:00:00', 'Arquitectura S.A.', 1, 3, 'Banco de Occidente', 0.3, 'Quibdo', 'Apartaestudio', 'No', '9d57IRGBP', 5, 12),
(60, '2020-06-15 00:00:00', 'Pegaso', 3, 2, 'Banco de Occidente', 0.1, 'Armenia', 'Apartaestudio', 'Si', '89Z6yU6FI', 1, 3),
(61, '2020-12-07 00:00:00', 'Arquitectura S.A.', 3, 1, 'Colmena', 0.1, 'Ibague', 'Casa', 'No', '7379x37FI', 4, 40),
(62, '2020-06-15 00:00:00', 'Arquitectura S.A.', 3, 3, 'Colmena', 0.3, 'Bucaramanga', 'Casa Campestre', 'Si', '5776GwsBP', 2, 33),
(63, '2019-09-09 00:00:00', 'Hermanos Gallego', 1, 2, 'Banco de Occidente', 0.2, 'Cartagena', 'Apartamento', 'No', 'Q23d5UvFI', 4, 43),
(64, '2019-09-09 00:00:00', 'Hermanos Gallego', 3, 4, 'Colmena', 0.2, 'Sta. Rosa de Cabal', 'Condominio', 'Si', 'oZ3rU94FI', 3, 28),
(65, '2020-06-15 00:00:00', 'Edificios y Edificios', 1, 4, 'Davivienda', 0.3, 'Quibdo', 'Apartaestudio', 'No', 'Fl6cti6FI', 1, 10),
(66, '2020-06-15 00:00:00', 'Ingenieros Ltda.', 1, 4, 'Colmena', 0.3, 'Ibague', 'Casa', 'Si', 'H44zD7CFI', 1, 34),
(67, '2019-09-09 00:00:00', 'Edificios y Edificios', 3, 1, 'Bancolombia', 0.1, 'Cartagena', 'Apartamento', 'No', '549h6S3FI', 2, 18),
(68, '2020-06-15 00:00:00', 'Pegaso', 2, 2, 'Colmena', 0.1, 'Manizales', 'Apartaestudio', 'No', '6Y5KKW4FI', 1, 9),
(69, '2020-06-15 00:00:00', 'Edificios y Edificios', 3, 3, 'Conavi', 0.1, 'Armenia', 'Condominio', 'No', '55oAs92FI', 1, 25),
(70, '2021-04-04 00:00:00', 'Arquitectura S.A.', 2, 1, 'Conavi', 0.1, 'Cartagena', 'Casa', 'Si', 'K41e4J3FI', 4, 13),
(71, '2021-04-04 00:00:00', 'Arquitectura S.A.', 3, 1, 'Banco de Occidente', 0.2, 'Santa Marta', 'Apartaestudio', 'No', '2O15P0rBP', 1, 8),
(72, '2019-09-09 00:00:00', 'Ingenieros Ltda.', 2, 4, 'Colpatria', 0.1, 'Barranquilla', 'Casa Campestre', 'Si', '4u961TvFI', 1, 39),
(73, '2020-12-07 00:00:00', 'Hermanos Gallego', 1, 1, 'Colpatria', 0.3, 'Monteria', 'Casa', 'Si', '8118338BP', 5, 43),
(74, '2021-04-04 00:00:00', 'Edificios y Edificios', 2, 2, 'Colmena', 0.2, 'Manizales', 'Apartamento', 'No', '1pWn13UFI', 3, 50),
(75, '2021-04-04 00:00:00', 'Pegaso', 2, 1, 'Conavi', 0.1, 'Ibague', 'Apartamento', 'Si', '04QKXFZFI', 4, 2),
(76, '2021-04-04 00:00:00', 'Ingenieros Ltda.', 2, 2, 'Davivienda', 0.2, 'Bucaramanga', 'Apartaestudio', 'Si', 'XP146jSBP', 5, 4),
(77, '2020-12-07 00:00:00', 'Arquitectura S.A.', 1, 4, 'Colmena', 0.3, 'Salento', 'Condominio', 'No', 'O0f5ZV8BP', 3, 6),
(78, '2021-04-04 00:00:00', 'Pegaso', 1, 3, 'Banco de Occidente', 0.1, 'Sta. Rosa de Cabal', 'Apartaestudio', 'Si', '14T65f2BP', 1, 6),
(79, '2021-04-04 00:00:00', 'Pegaso', 2, 2, 'Colpatria', 0.3, 'Quibdo', 'Casa Campestre', 'Si', '6lQw3N7BP', 3, 15),
(80, '2019-09-09 00:00:00', 'Ingenieros Ltda.', 2, 4, 'Bancolombia', 0.2, 'Barranquilla', 'Casa Campestre', 'No', 'F263TG3BP', 4, 44),
(81, '2021-04-04 00:00:00', 'Edificios y Edificios', 2, 1, 'Colpatria', 0.1, 'Neiva', 'Condominio', 'No', 'xfjoHpZBP', 1, 14),
(82, '2021-04-04 00:00:00', 'Hermanos Gallego', 2, 4, 'Conavi', 0.2, 'Quibdo', 'Casa', 'Si', '14TPQ1VFI', 5, 42),
(83, '2020-06-15 00:00:00', 'Hermanos Gallego', 2, 1, 'Bancolombia', 0.2, 'Ibague', 'Casa', 'Si', '04RT56yBP', 1, 25),
(84, '2019-09-09 00:00:00', 'Ingenieros Ltda.', 3, 2, 'Banco de Occidente', 0.2, 'Pereira', 'Condominio', 'No', 'o161J2yBP', 3, 17),
(85, '2021-04-04 00:00:00', 'Pegaso', 2, 4, 'Colpatria', 0.3, 'Monteria', 'Condominio', 'Si', 'MeEmt81FI', 1, 27),
(86, '2020-06-15 00:00:00', 'Edificios y Edificios', 1, 2, 'Davivienda', 0.3, 'Sta. Rosa de Cabal', 'Condominio', 'Si', '3wuf0aQFI', 2, 9),
(87, '2019-09-09 00:00:00', 'Pegaso', 1, 3, 'Davivienda', 0.2, 'Barranquilla', 'Apartaestudio', 'Si', 'Y22l6ecFI', 1, 2),
(88, '2020-12-07 00:00:00', 'Edificios y Edificios', 1, 1, 'Conavi', 0.3, 'Santa Marta', 'Casa', 'No', 'vg5aps7BP', 2, 9),
(89, '2019-09-09 00:00:00', 'Ingenieros Ltda.', 1, 1, 'Colpatria', 0.2, 'Sta. Rosa de Cabal', 'Apartamento', 'Si', 'e90031eFI', 4, 16),
(90, '2020-06-15 00:00:00', 'Edificios y Edificios', 3, 1, 'Bancolombia', 0.1, 'Armenia', 'Casa', 'No', 'T0J9k3mFI', 5, 41),
(91, '2021-04-04 00:00:00', 'Hermanos Gallego', 3, 3, 'Conavi', 0.3, 'Barranquilla', 'Apartaestudio', 'No', '964M2iyBP', 2, 30),
(92, '2021-04-04 00:00:00', 'Edificios y Edificios', 1, 2, 'Colpatria', 0.3, 'Cartagena', 'Casa', 'Si', '6il5145FI', 5, 31),
(93, '2019-09-09 00:00:00', 'Edificios y Edificios', 3, 2, 'Banco de Occidente', 0.3, 'Santa Marta', 'Casa', 'No', '6J42zh6BP', 5, 36),
(94, '2020-06-15 00:00:00', 'Edificios y Edificios', 3, 3, 'Conavi', 0.3, 'Pereira', 'Casa', 'Si', '6YB5GDABP', 1, 20),
(95, '2020-06-15 00:00:00', 'Ingenieros Ltda.', 3, 4, 'Colmena', 0.3, 'Bogota', 'Condominio', 'Si', 'j937mwTFI', 4, 15),
(96, '2021-04-04 00:00:00', 'Pegaso', 2, 1, 'Conavi', 0.1, 'Armenia', 'Casa', 'No', 'pdXe09CFI', 1, 27),
(97, '2021-04-04 00:00:00', 'Ingenieros Ltda.', 3, 4, 'Colmena', 0.3, 'Neiva', 'Condominio', 'Si', '7pPO6t3BP', 5, 5),
(98, '2019-09-09 00:00:00', 'Pegaso', 3, 4, 'Colmena', 0.2, 'Barranquilla', 'Apartaestudio', 'Si', '01HUyZVFI', 2, 15),
(99, '2020-12-07 00:00:00', 'Hermanos Gallego', 1, 1, 'Banco de Occidente', 0.1, 'Bucaramanga', 'Casa Campestre', 'No', 'YOBG20EBP', 3, 43),
(100, '2020-12-07 00:00:00', 'Pegaso', 3, 2, 'Colmena', 0.1, 'Bucaramanga', 'Apartaestudio', 'Si', 'A8TQzO4BP', 5, 27),
(101, '2020-06-15 00:00:00', 'Arquitectura S.A.', 1, 1, 'Colmena', 0.2, 'Manizales', 'Casa', 'No', '29jNh24BP', 2, 12),
(102, '2021-04-04 00:00:00', 'Arquitectura S.A.', 2, 4, 'Colmena', 0.3, 'Neiva', 'Casa', 'Si', 'of16cJ8FI', 2, 49),
(103, '2021-04-04 00:00:00', 'Hermanos Gallego', 2, 3, 'Bancolombia', 0.2, 'Santa Marta', 'Condominio', 'No', 'NggLBzpFI', 5, 27),
(104, '2021-04-04 00:00:00', 'Pegaso', 2, 1, 'Colpatria', 0.1, 'Cartagena', 'Apartaestudio', 'Si', 'FfjO16UBP', 1, 37),
(105, '2019-09-09 00:00:00', 'Edificios y Edificios', 3, 4, 'Conavi', 0.2, 'Neiva', 'Casa', 'Si', '05930x7FI', 5, 13),
(106, '2021-04-04 00:00:00', 'Ingenieros Ltda.', 2, 2, 'Colpatria', 0.2, 'Pereira', 'Condominio', 'No', 'KihDe62FI', 4, 9),
(107, '2021-04-04 00:00:00', 'Pegaso', 1, 2, 'Davivienda', 0.1, 'Bogota', 'Casa Campestre', 'No', '4U2TS6wBP', 2, 20),
(108, '2019-09-09 00:00:00', 'Pegaso', 2, 1, 'Conavi', 0.1, 'Monteria', 'Apartaestudio', 'No', '9koSom1FI', 1, 11),
(109, '2020-06-15 00:00:00', 'Edificios y Edificios', 2, 3, 'Banco de Occidente', 0.1, 'Bogota', 'Casa', 'No', '4LV7x46BP', 1, 37),
(110, '2020-06-15 00:00:00', 'Hermanos Gallego', 1, 2, 'Bancolombia', 0.1, 'Pereira', 'Casa', 'Si', '1BSo04JBP', 4, 31),
(111, '2019-09-09 00:00:00', 'Edificios y Edificios', 3, 2, 'Banco de Occidente', 0.1, 'Neiva', 'Casa', 'Si', 'pXz098ZBP', 3, 27),
(112, '2020-12-07 00:00:00', 'Ingenieros Ltda.', 2, 1, 'Conavi', 0.3, 'Cartago', 'Apartamento', 'Si', 'wmatpG2FI', 5, 24),
(113, '2021-04-04 00:00:00', 'Ingenieros Ltda.', 1, 4, 'Conavi', 0.3, 'Santa Marta', 'Apartaestudio', 'Si', '55774OdBP', 3, 38),
(114, '2021-04-04 00:00:00', 'Hermanos Gallego', 3, 4, 'Colmena', 0.2, 'Quibdo', 'Apartaestudio', 'Si', 'Xb667YwBP', 5, 34),
(115, '2020-12-07 00:00:00', 'Ingenieros Ltda.', 1, 2, 'Davivienda', 0.2, 'Ibague', 'Casa', 'No', 'PapU78MFI', 1, 43),
(116, '2021-04-04 00:00:00', 'Pegaso', 3, 4, 'Conavi', 0.1, 'Quibdo', 'Condominio', 'Si', 'CJu3ao7BP', 4, 37),
(117, '2021-04-04 00:00:00', 'Hermanos Gallego', 2, 2, 'Banco de Occidente', 0.2, 'Monteria', 'Condominio', 'Si', 'D17j88EBP', 4, 11),
(118, '2019-09-09 00:00:00', 'Hermanos Gallego', 1, 4, 'Colpatria', 0.3, 'Cartago', 'Casa Campestre', 'Si', '7344Q5tBP', 1, 41),
(119, '2020-06-15 00:00:00', 'Pegaso', 3, 3, 'Conavi', 0.1, 'Neiva', 'Casa Campestre', 'No', 'vot3678BP', 5, 25),
(120, '2020-12-07 00:00:00', 'Edificios y Edificios', 1, 3, 'Banco de Occidente', 0.3, 'Ibague', 'Apartaestudio', 'No', 'T4235erFI', 5, 44),
(121, '2021-04-04 00:00:00', 'Ingenieros Ltda.', 1, 3, 'Colmena', 0.1, 'Ibague', 'Casa Campestre', 'Si', '9642MV4BP', 1, 39),
(122, '2020-06-15 00:00:00', 'Arquitectura S.A.', 2, 2, 'Banco de Occidente', 0.2, 'Cartago', 'Apartamento', 'No', '8tK348DFI', 2, 20),
(123, '2020-06-15 00:00:00', 'Ingenieros Ltda.', 1, 2, 'Colmena', 0.1, 'Barranquilla', 'Casa', 'Si', '29U45tBFI', 3, 33),
(124, '2021-04-04 00:00:00', 'Ingenieros Ltda.', 2, 4, 'Banco de Occidente', 0.3, 'Bucaramanga', 'Casa Campestre', 'Si', 'lNx6r1pFI', 3, 8),
(125, '2021-04-04 00:00:00', 'Ingenieros Ltda.', 1, 2, 'Colpatria', 0.2, 'Sta. Rosa de Cabal', 'Apartaestudio', 'No', '0Z899V3FI', 2, 4),
(126, '2020-12-07 00:00:00', 'Edificios y Edificios', 2, 2, 'Colpatria', 0.3, 'Neiva', 'Apartaestudio', 'Si', 'Y76OP72FI', 1, 29),
(127, '2021-04-04 00:00:00', 'Arquitectura S.A.', 2, 1, 'Bancolombia', 0.2, 'Neiva', 'Casa Campestre', 'No', '9aC8hE0FI', 5, 41),
(128, '2020-12-07 00:00:00', 'Ingenieros Ltda.', 2, 4, 'Davivienda', 0.2, 'Cartagena', 'Condominio', 'Si', '4k7hUOHBP', 3, 14),
(129, '2021-04-04 00:00:00', 'Edificios y Edificios', 3, 1, 'Colmena', 0.3, 'Pereira', 'Condominio', 'Si', '0587T40BP', 3, 38),
(130, '2020-12-07 00:00:00', 'Ingenieros Ltda.', 2, 3, 'Conavi', 0.3, 'Bogota', 'Casa Campestre', 'Si', 'lN3V7r0FI', 2, 35),
(131, '2020-12-07 00:00:00', 'Hermanos Gallego', 2, 2, 'Bancolombia', 0.2, 'Barranquilla', 'Casa Campestre', 'No', '16U2bi0FI', 4, 41),
(132, '2020-06-15 00:00:00', 'Hermanos Gallego', 3, 4, 'Bancolombia', 0.1, 'Monteria', 'Casa', 'Si', '4s4MazcBP', 2, 27),
(133, '2020-12-07 00:00:00', 'Arquitectura S.A.', 3, 2, 'Colpatria', 0.2, 'Barranquilla', 'Condominio', 'No', '5fs985WFI', 3, 20),
(134, '2021-04-04 00:00:00', 'Ingenieros Ltda.', 2, 3, 'Colmena', 0.3, 'Sta. Rosa de Cabal', 'Condominio', 'No', '2416jU5BP', 4, 18),
(135, '2020-12-07 00:00:00', 'Pegaso', 2, 4, 'Bancolombia', 0.3, 'Quibdo', 'Apartamento', 'Si', 'T977Y6ABP', 3, 26),
(136, '2019-09-09 00:00:00', 'Edificios y Edificios', 1, 1, 'Colmena', 0.1, 'Monteria', 'Apartamento', 'No', '11z85B4FI', 5, 17),
(137, '2020-12-07 00:00:00', 'Edificios y Edificios', 1, 2, 'Colpatria', 0.3, 'Santa Marta', 'Casa', 'Si', '46F2Kv1BP', 2, 41),
(138, '2020-06-15 00:00:00', 'Pegaso', 1, 3, 'Davivienda', 0.2, 'Neiva', 'Casa Campestre', 'No', '5VE05XBBP', 4, 37),
(139, '2019-09-09 00:00:00', 'Hermanos Gallego', 2, 2, 'Colpatria', 0.3, 'Pereira', 'Casa', 'No', '47co30gFI', 1, 28),
(140, '2019-09-09 00:00:00', 'Pegaso', 2, 3, 'Bancolombia', 0.2, 'Pereira', 'Condominio', 'Si', 'Ru6216bBP', 4, 23),
(141, '2020-12-07 00:00:00', 'Ingenieros Ltda.', 2, 2, 'Davivienda', 0.1, 'Salento', 'Condominio', 'Si', '35hBZ39BP', 2, 18),
(142, '2020-12-07 00:00:00', 'Arquitectura S.A.', 2, 1, 'Colpatria', 0.3, 'Sta. Rosa de Cabal', 'Casa', 'No', '6uBIdwIBP', 2, 1),
(143, '2021-04-04 00:00:00', 'Ingenieros Ltda.', 3, 4, 'Banco de Occidente', 0.3, 'Ibague', 'Condominio', 'No', 'mTU86c9FI', 3, 46),
(144, '2020-12-07 00:00:00', 'Pegaso', 3, 1, 'Bancolombia', 0.3, 'Salento', 'Condominio', 'Si', 'G9p3283BP', 1, 32),
(145, '2019-09-09 00:00:00', 'Ingenieros Ltda.', 1, 1, 'Colmena', 0.1, 'Barranquilla', 'Casa', 'Si', '5698HIdBP', 4, 41),
(146, '2019-09-09 00:00:00', 'Arquitectura S.A.', 2, 2, 'Bancolombia', 0.1, 'Santa Marta', 'Casa Campestre', 'Si', 'y2X6PoEFI', 5, 37),
(147, '2020-06-15 00:00:00', 'Ingenieros Ltda.', 2, 3, 'Colpatria', 0.1, 'Pereira', 'Condominio', 'Si', 'g4345M7FI', 5, 14),
(148, '2021-04-04 00:00:00', 'Arquitectura S.A.', 1, 4, 'Bancolombia', 0.2, 'Pereira', 'Apartaestudio', 'Si', 'Wm1VT47BP', 4, 24),
(149, '2021-04-04 00:00:00', 'Hermanos Gallego', 3, 3, 'Bancolombia', 0.3, 'Armenia', 'Apartamento', 'No', '328TE58BP', 4, 11),
(150, '2020-06-15 00:00:00', 'Arquitectura S.A.', 3, 2, 'Conavi', 0.1, 'Barranquilla', 'Casa', 'No', 'j71OVxiFI', 5, 8),
(151, '2021-04-04 00:00:00', 'Ingenieros Ltda.', 2, 3, 'Colmena', 0.2, 'Manizales', 'Condominio', 'No', 'BNUOy08BP', 1, 9),
(152, '2020-12-07 00:00:00', 'Hermanos Gallego', 3, 2, 'Colpatria', 0.3, 'Neiva', 'Casa Campestre', 'Si', '9TkTF2VBP', 2, 43),
(153, '2020-12-07 00:00:00', 'Pegaso', 1, 2, 'Colmena', 0.2, 'Salento', 'Apartamento', 'Si', '754265UBP', 1, 42),
(154, '2020-06-15 00:00:00', 'Arquitectura S.A.', 3, 1, 'Banco de Occidente', 0.3, 'Ibague', 'Condominio', 'Si', '4P91V09BP', 2, 3),
(155, '2021-04-04 00:00:00', 'Edificios y Edificios', 3, 3, 'Davivienda', 0.3, 'Neiva', 'Apartamento', 'No', '32P7616BP', 4, 42),
(156, '2019-09-09 00:00:00', 'Pegaso', 3, 1, 'Banco de Occidente', 0.2, 'Armenia', 'Apartaestudio', 'Si', '7f0Ft28BP', 2, 43),
(157, '2019-09-09 00:00:00', 'Pegaso', 3, 2, 'Banco de Occidente', 0.1, 'Salento', 'Casa', 'Si', 'm175NeFFI', 5, 12),
(158, '2021-04-04 00:00:00', 'Ingenieros Ltda.', 1, 1, 'Colpatria', 0.1, 'Manizales', 'Casa', 'Si', '48wLBQ2FI', 2, 23),
(159, '2021-04-04 00:00:00', 'Edificios y Edificios', 3, 2, 'Davivienda', 0.3, 'Bogota', 'Apartaestudio', 'Si', 'm257LnSFI', 5, 35),
(160, '2020-06-15 00:00:00', 'Arquitectura S.A.', 1, 1, 'Bancolombia', 0.3, 'Salento', 'Casa Campestre', 'No', '68491O6BP', 2, 30),
(161, '2020-12-07 00:00:00', 'Hermanos Gallego', 3, 3, 'Davivienda', 0.2, 'Pereira', 'Casa', 'Si', '9H14Bf1FI', 2, 40),
(162, '2020-06-15 00:00:00', 'Ingenieros Ltda.', 1, 2, 'Colmena', 0.2, 'Barranquilla', 'Casa', 'Si', 'nJ492GiFI', 3, 2),
(163, '2021-04-04 00:00:00', 'Arquitectura S.A.', 2, 2, 'Conavi', 0.3, 'Quibdo', 'Apartamento', 'Si', 'W0E2XNiBP', 4, 36),
(164, '2019-09-09 00:00:00', 'Arquitectura S.A.', 3, 2, 'Colmena', 0.1, 'Neiva', 'Casa Campestre', 'Si', 'N831775FI', 1, 18),
(165, '2019-09-09 00:00:00', 'Edificios y Edificios', 2, 2, 'Davivienda', 0.3, 'Barranquilla', 'Apartaestudio', 'No', 'ZLM00YLFI', 4, 1),
(166, '2020-06-15 00:00:00', 'Ingenieros Ltda.', 1, 1, 'Davivienda', 0.2, 'Sta. Rosa de Cabal', 'Apartamento', 'No', 'TSsYv63FI', 5, 2),
(167, '2021-04-04 00:00:00', 'Edificios y Edificios', 1, 4, 'Colpatria', 0.1, 'Monteria', 'Casa Campestre', 'No', 't3MI60gFI', 5, 44),
(168, '2020-06-15 00:00:00', 'Arquitectura S.A.', 3, 2, 'Colpatria', 0.2, 'Pereira', 'Casa Campestre', 'Si', '27320jUBP', 1, 11),
(169, '2020-12-07 00:00:00', 'Pegaso', 1, 4, 'Banco de Occidente', 0.1, 'Cartagena', 'Apartamento', 'Si', 'C0E976mFI', 3, 37),
(170, '2019-09-09 00:00:00', 'Edificios y Edificios', 1, 3, 'Bancolombia', 0.3, 'Manizales', 'Apartaestudio', 'No', 'mJQ06UvBP', 2, 15),
(171, '2020-06-15 00:00:00', 'Pegaso', 1, 4, 'Davivienda', 0.1, 'Cartagena', 'Apartamento', 'No', '6d39o15FI', 5, 41),
(172, '2019-09-09 00:00:00', 'Ingenieros Ltda.', 2, 2, 'Bancolombia', 0.2, 'Armenia', 'Condominio', 'No', 'W2mx12OFI', 4, 36),
(173, '2019-09-09 00:00:00', 'Arquitectura S.A.', 1, 3, 'Conavi', 0.2, 'Cartago', 'Condominio', 'No', 'E2X802bBP', 2, 44),
(174, '2019-09-09 00:00:00', 'Pegaso', 2, 1, 'Banco de Occidente', 0.3, 'Cartago', 'Casa Campestre', 'Si', '3D9K54sFI', 2, 24),
(175, '2020-12-07 00:00:00', 'Ingenieros Ltda.', 1, 1, 'Conavi', 0.3, 'Pereira', 'Apartaestudio', 'Si', 'b043KP5BP', 1, 25),
(176, '2020-06-15 00:00:00', 'Edificios y Edificios', 2, 3, 'Bancolombia', 0.2, 'Sta. Rosa de Cabal', 'Apartamento', 'No', '43tNQ8cBP', 4, 1),
(177, '2020-12-07 00:00:00', 'Edificios y Edificios', 1, 2, 'Colpatria', 0.2, 'Ibague', 'Casa Campestre', 'Si', '0B9Q959BP', 1, 14),
(178, '2019-09-09 00:00:00', 'Ingenieros Ltda.', 2, 3, 'Colpatria', 0.1, 'Monteria', 'Apartamento', 'Si', 'mtQgcl4FI', 2, 3),
(179, '2020-12-07 00:00:00', 'Hermanos Gallego', 3, 2, 'Colpatria', 0.3, 'Sta. Rosa de Cabal', 'Apartamento', 'No', 'iR0V433FI', 1, 9),
(180, '2020-12-07 00:00:00', 'Arquitectura S.A.', 2, 4, 'Banco de Occidente', 0.3, 'Bucaramanga', 'Condominio', 'Si', '919Ut5KFI', 4, 7),
(181, '2020-12-07 00:00:00', 'Ingenieros Ltda.', 3, 3, 'Davivienda', 0.3, 'Bucaramanga', 'Condominio', 'Si', '1ZGGJ87BP', 4, 16),
(182, '2021-04-04 00:00:00', 'Ingenieros Ltda.', 1, 3, 'Colmena', 0.2, 'Salento', 'Casa', 'No', 'QU0X974FI', 4, 17),
(183, '2020-06-15 00:00:00', 'Hermanos Gallego', 2, 3, 'Davivienda', 0.1, 'Bogota', 'Casa', 'Si', '7C03IF1FI', 2, 34),
(184, '2021-04-04 00:00:00', 'Ingenieros Ltda.', 1, 2, 'Banco de Occidente', 0.1, 'Armenia', 'Casa Campestre', 'No', 'l99U7diBP', 3, 24),
(185, '2020-12-07 00:00:00', 'Ingenieros Ltda.', 1, 4, 'Davivienda', 0.3, 'Sta. Rosa de Cabal', 'Casa Campestre', 'No', 'cCx7846FI', 3, 36),
(186, '2019-09-09 00:00:00', 'Arquitectura S.A.', 1, 2, 'Banco de Occidente', 0.1, 'Salento', 'Apartamento', 'Si', '85W63i5BP', 1, 4),
(187, '2020-12-07 00:00:00', 'Hermanos Gallego', 3, 2, 'Bancolombia', 0.2, 'Bucaramanga', 'Apartamento', 'No', 'oB4iw09FI', 2, 16),
(188, '2020-06-15 00:00:00', 'Pegaso', 1, 3, 'Banco de Occidente', 0.2, 'Pereira', 'Apartamento', 'Si', '0Tf8Q90FI', 2, 30),
(189, '2019-09-09 00:00:00', 'Arquitectura S.A.', 2, 1, 'Colpatria', 0.3, 'Armenia', 'Condominio', 'Si', 'K2479I2BP', 5, 1),
(190, '2021-04-04 00:00:00', 'Hermanos Gallego', 2, 3, 'Conavi', 0.3, 'Quibdo', 'Casa', 'Si', '2Zi1115FI', 1, 13),
(191, '2021-04-04 00:00:00', 'Arquitectura S.A.', 1, 4, 'Colmena', 0.3, 'Cartago', 'Casa Campestre', 'No', 'u3280O6FI', 4, 21),
(192, '2019-09-09 00:00:00', 'Edificios y Edificios', 2, 2, 'Davivienda', 0.3, 'Bogota', 'Apartamento', 'No', '25490bfBP', 5, 3),
(193, '2020-06-15 00:00:00', 'Ingenieros Ltda.', 3, 1, 'Colmena', 0.2, 'Monteria', 'Apartaestudio', 'Si', 'VHm2824FI', 5, 39),
(194, '2019-09-09 00:00:00', 'Pegaso', 3, 3, 'Banco de Occidente', 0.3, 'Cartagena', 'Apartamento', 'Si', '45BM723BP', 1, 32),
(195, '2019-09-09 00:00:00', 'Ingenieros Ltda.', 3, 4, 'Davivienda', 0.1, 'Cartagena', 'Apartamento', 'Si', 'M8HZ60PBP', 3, 4),
(196, '2021-04-04 00:00:00', 'Arquitectura S.A.', 3, 3, 'Davivienda', 0.3, 'Barranquilla', 'Condominio', 'No', '0hWx197FI', 5, 47),
(197, '2020-06-15 00:00:00', 'Hermanos Gallego', 2, 3, 'Davivienda', 0.1, 'Armenia', 'Apartamento', 'No', '5tm74zrBP', 2, 32),
(198, '2019-09-09 00:00:00', 'Pegaso', 3, 4, 'Colmena', 0.3, 'Bucaramanga', 'Apartaestudio', 'Si', '057RU7dBP', 5, 14),
(199, '2020-12-07 00:00:00', 'Hermanos Gallego', 1, 2, 'Colpatria', 0.3, 'Bucaramanga', 'Casa Campestre', 'No', 'Q199fmVFI', 3, 7),
(200, '2020-12-07 00:00:00', 'Hermanos Gallego', 3, 2, 'Banco de Occidente', 0.1, 'Salento', 'Casa', 'No', '77hV0BZFI', 3, 11),
(201, '2021-04-04 00:00:00', 'Arquitectura S.A.', 2, 2, 'Davivienda', 0.1, 'Cartagena', 'Condominio', 'Si', 'l8H3862FI', 4, 46),
(202, '2021-04-04 00:00:00', 'Hermanos Gallego', 2, 1, 'Conavi', 0.2, 'Bucaramanga', 'Apartaestudio', 'Si', '37U3AsjFI', 5, 10),
(203, '2020-06-15 00:00:00', 'Pegaso', 3, 4, 'Davivienda', 0.1, 'Pereira', 'Casa', 'Si', 'Ji58z16FI', 1, 33),
(204, '2020-06-15 00:00:00', 'Arquitectura S.A.', 2, 1, 'Colmena', 0.1, 'Cartagena', 'Casa', 'Si', 'vEkx589FI', 3, 32),
(205, '2020-12-07 00:00:00', 'Ingenieros Ltda.', 2, 3, 'Colmena', 0.1, 'Armenia', 'Apartamento', 'No', '6pb60PLBP', 4, 40),
(206, '2020-12-07 00:00:00', 'Arquitectura S.A.', 3, 1, 'Bancolombia', 0.3, 'Armenia', 'Condominio', 'Si', '1BsAgU7FI', 1, 24),
(207, '2020-06-15 00:00:00', 'Edificios y Edificios', 2, 2, 'Colmena', 0.3, 'Manizales', 'Condominio', 'Si', 'MIHx8O7FI', 4, 50),
(208, '2021-04-04 00:00:00', 'Pegaso', 1, 3, 'Banco de Occidente', 0.3, 'Monteria', 'Apartaestudio', 'Si', '3Aw6590FI', 2, 17),
(209, '2020-06-15 00:00:00', 'Ingenieros Ltda.', 1, 1, 'Bancolombia', 0.2, 'Santa Marta', 'Apartaestudio', 'No', '03j12C4BP', 3, 38),
(210, '2020-12-07 00:00:00', 'Pegaso', 1, 4, 'Banco de Occidente', 0.2, 'Monteria', 'Apartaestudio', 'Si', '4i6233JBP', 3, 25),
(211, '2019-09-09 00:00:00', 'Hermanos Gallego', 2, 4, 'Colmena', 0.3, 'Armenia', 'Apartaestudio', 'No', '63Q1741BP', 3, 47),
(212, '2020-12-07 00:00:00', 'Edificios y Edificios', 1, 4, 'Colmena', 0.2, 'Pereira', 'Casa', 'Si', 'j12m5gAFI', 4, 46),
(213, '2020-06-15 00:00:00', 'Pegaso', 2, 2, 'Conavi', 0.1, 'Manizales', 'Apartaestudio', 'Si', '0416E73FI', 2, 45),
(214, '2020-06-15 00:00:00', 'Ingenieros Ltda.', 3, 1, 'Colmena', 0.3, 'Sta. Rosa de Cabal', 'Apartamento', 'No', 'Yv18HemBP', 2, 38),
(215, '2021-04-04 00:00:00', 'Hermanos Gallego', 2, 1, 'Davivienda', 0.3, 'Barranquilla', 'Apartamento', 'No', '92E96HhBP', 1, 48),
(216, '2020-06-15 00:00:00', 'Edificios y Edificios', 3, 3, 'Bancolombia', 0.1, 'Pereira', 'Casa', 'No', '49v53C2FI', 3, 15),
(217, '2020-12-07 00:00:00', 'Ingenieros Ltda.', 3, 3, 'Davivienda', 0.3, 'Armenia', 'Condominio', 'Si', '1sfC7XZBP', 4, 18),
(218, '2019-09-09 00:00:00', 'Arquitectura S.A.', 1, 1, 'Conavi', 0.2, 'Santa Marta', 'Condominio', 'Si', '4Mrc83aBP', 2, 31),
(219, '2021-04-04 00:00:00', 'Arquitectura S.A.', 3, 2, 'Bancolombia', 0.2, 'Cartago', 'Condominio', 'No', '3L05tOvBP', 4, 37),
(220, '2020-12-07 00:00:00', 'Ingenieros Ltda.', 2, 4, 'Colmena', 0.1, 'Quibdo', 'Condominio', 'No', 'sR7930EFI', 1, 36),
(221, '2020-12-07 00:00:00', 'Edificios y Edificios', 1, 3, 'Davivienda', 0.1, 'Armenia', 'Casa Campestre', 'Si', 'R009K32FI', 2, 24),
(222, '2019-09-09 00:00:00', 'Pegaso', 1, 4, 'Davivienda', 0.1, 'Cartagena', 'Apartaestudio', 'No', 'p1Z3Uf5BP', 1, 41),
(223, '2020-12-07 00:00:00', 'Pegaso', 3, 3, 'Banco de Occidente', 0.3, 'Armenia', 'Casa', 'Si', '062InnGFI', 4, 10),
(224, '2021-04-04 00:00:00', 'Pegaso', 2, 3, 'Colmena', 0.3, 'Pereira', 'Casa Campestre', 'Si', '53XUeKIFI', 3, 37),
(225, '2021-04-04 00:00:00', 'Arquitectura S.A.', 3, 4, 'Davivienda', 0.1, 'Santa Marta', 'Casa', 'No', '9NpPe17BP', 4, 32),
(226, '2020-12-07 00:00:00', 'Ingenieros Ltda.', 1, 4, 'Davivienda', 0.3, 'Salento', 'Condominio', 'Si', 'sl8o936FI', 3, 17),
(227, '2019-09-09 00:00:00', 'Arquitectura S.A.', 2, 3, 'Conavi', 0.1, 'Monteria', 'Apartaestudio', 'No', '9fw98c0FI', 5, 1),
(228, '2021-04-04 00:00:00', 'Arquitectura S.A.', 1, 4, 'Colmena', 0.3, 'Monteria', 'Condominio', 'Si', '510f10XBP', 2, 33),
(229, '2019-09-09 00:00:00', 'Ingenieros Ltda.', 2, 4, 'Banco de Occidente', 0.3, 'Armenia', 'Condominio', 'No', 'M6TMbGYFI', 4, 43),
(230, '2021-04-04 00:00:00', 'Edificios y Edificios', 1, 1, 'Colpatria', 0.2, 'Quibdo', 'Apartamento', 'No', '1K35hu0BP', 2, 48),
(231, '2020-06-15 00:00:00', 'Pegaso', 3, 4, 'Bancolombia', 0.2, 'Barranquilla', 'Condominio', 'Si', '3DsU63fBP', 5, 32),
(232, '2020-06-15 00:00:00', 'Edificios y Edificios', 1, 1, 'Banco de Occidente', 0.3, 'Armenia', 'Casa Campestre', 'Si', '37F3549BP', 2, 43),
(233, '2020-06-15 00:00:00', 'Ingenieros Ltda.', 3, 3, 'Colmena', 0.2, 'Armenia', 'Casa Campestre', 'Si', '50ZbUn1FI', 2, 4),
(234, '2021-04-04 00:00:00', 'Edificios y Edificios', 1, 4, 'Colmena', 0.3, 'Sta. Rosa de Cabal', 'Apartaestudio', 'Si', 'D9Kd96BBP', 5, 34),
(235, '2019-09-09 00:00:00', 'Arquitectura S.A.', 3, 4, 'Colpatria', 0.2, 'Monteria', 'Condominio', 'No', '1t37zh5BP', 3, 45),
(236, '2020-12-07 00:00:00', 'Pegaso', 3, 2, 'Bancolombia', 0.2, 'Ibague', 'Apartamento', 'No', '64co7zhBP', 3, 7),
(237, '2020-12-07 00:00:00', 'Hermanos Gallego', 3, 4, 'Banco de Occidente', 0.1, 'Sta. Rosa de Cabal', 'Condominio', 'No', 'PEc0i85BP', 3, 40),
(238, '2020-06-15 00:00:00', 'Hermanos Gallego', 1, 3, 'Colmena', 0.1, 'Cartago', 'Apartaestudio', 'No', 'yWt6966FI', 3, 11),
(239, '2020-12-07 00:00:00', 'Ingenieros Ltda.', 3, 3, 'Colmena', 0.1, 'Sta. Rosa de Cabal', 'Apartaestudio', 'No', 'J3FJIl1FI', 3, 22),
(240, '2021-04-04 00:00:00', 'Hermanos Gallego', 1, 3, 'Bancolombia', 0.1, 'Monteria', 'Apartaestudio', 'No', '333VW33BP', 4, 33),
(241, '2019-09-09 00:00:00', 'Ingenieros Ltda.', 2, 2, 'Conavi', 0.3, 'Sta. Rosa de Cabal', 'Condominio', 'Si', '07lsgCVFI', 4, 46),
(242, '2020-06-15 00:00:00', 'Pegaso', 1, 4, 'Bancolombia', 0.3, 'Manizales', 'Casa', 'No', 'W4u2RL4FI', 2, 49),
(243, '2021-04-04 00:00:00', 'Pegaso', 3, 1, 'Colpatria', 0.2, 'Pereira', 'Condominio', 'Si', '7860O4fBP', 1, 39),
(244, '2020-06-15 00:00:00', 'Pegaso', 2, 1, 'Colmena', 0.1, 'Salento', 'Condominio', 'Si', 'z1Z9w27FI', 5, 17),
(245, '2019-09-09 00:00:00', 'Ingenieros Ltda.', 2, 3, 'Colmena', 0.3, 'Bucaramanga', 'Condominio', 'No', 'c4M7zM3BP', 5, 44),
(246, '2020-06-15 00:00:00', 'Hermanos Gallego', 3, 2, 'Conavi', 0.3, 'Bucaramanga', 'Condominio', 'No', 'X3isc0dFI', 1, 24),
(247, '2020-06-15 00:00:00', 'Ingenieros Ltda.', 2, 1, 'Bancolombia', 0.1, 'Cartago', 'Apartamento', 'No', '6t1TG9aBP', 5, 41),
(248, '2021-04-04 00:00:00', 'Arquitectura S.A.', 1, 2, 'Colmena', 0.2, 'Ibague', 'Casa', 'No', '71g1454BP', 5, 32),
(249, '2019-09-09 00:00:00', 'Edificios y Edificios', 1, 3, 'Conavi', 0.1, 'Pereira', 'Apartaestudio', 'Si', '29569j7BP', 5, 30),
(250, '2020-06-15 00:00:00', 'Edificios y Edificios', 2, 1, 'Colmena', 0.3, 'Pereira', 'Casa Campestre', 'Si', '8Dk386WFI', 3, 31),
(251, '2019-09-09 00:00:00', 'Edificios y Edificios', 1, 2, 'Davivienda', 0.3, 'Ibague', 'Apartaestudio', 'No', '92tX7PGBP', 3, 32),
(252, '2021-04-04 00:00:00', 'Edificios y Edificios', 2, 4, 'Conavi', 0.2, 'Cartagena', 'Apartaestudio', 'Si', '1i6l56jBP', 2, 11),
(253, '2021-04-04 00:00:00', 'Hermanos Gallego', 3, 4, 'Conavi', 0.3, 'Cartago', 'Casa', 'No', '6j60K12FI', 2, 22),
(254, '2021-04-04 00:00:00', 'Arquitectura S.A.', 1, 3, 'Bancolombia', 0.1, 'Ibague', 'Casa Campestre', 'No', '1JPiYTHBP', 2, 10),
(255, '2021-04-04 00:00:00', 'Edificios y Edificios', 2, 2, 'Colmena', 0.2, 'Cartagena', 'Apartaestudio', 'Si', '6M8576wBP', 4, 16),
(256, '2020-06-15 00:00:00', 'Pegaso', 3, 4, 'Bancolombia', 0.1, 'Ibague', 'Condominio', 'No', '8kZ8W54FI', 1, 34),
(257, '2019-09-09 00:00:00', 'Hermanos Gallego', 2, 2, 'Colmena', 0.3, 'Monteria', 'Apartamento', 'No', '6FF730sFI', 1, 11),
(258, '2021-04-04 00:00:00', 'Hermanos Gallego', 3, 2, 'Banco de Occidente', 0.2, 'Santa Marta', 'Casa', 'Si', 'v1dA4F2FI', 1, 49),
(259, '2020-12-07 00:00:00', 'Arquitectura S.A.', 1, 2, 'Conavi', 0.3, 'Monteria', 'Apartamento', 'No', 'v2ghmlhBP', 1, 13),
(260, '2020-12-07 00:00:00', 'Hermanos Gallego', 1, 4, 'Banco de Occidente', 0.1, 'Cartago', 'Casa', 'No', 'H50C7wUBP', 3, 25),
(261, '2020-12-07 00:00:00', 'Ingenieros Ltda.', 3, 1, 'Conavi', 0.2, 'Monteria', 'Casa Campestre', 'Si', '241263YFI', 5, 23),
(262, '2019-09-09 00:00:00', 'Arquitectura S.A.', 2, 4, 'Colpatria', 0.2, 'Quibdo', 'Casa', 'Si', '561p80iBP', 5, 46),
(263, '2019-09-09 00:00:00', 'Edificios y Edificios', 2, 4, 'Colpatria', 0.3, 'Barranquilla', 'Apartaestudio', 'No', '2l98GCoFI', 1, 36),
(264, '2020-12-07 00:00:00', 'Edificios y Edificios', 1, 4, 'Davivienda', 0.1, 'Monteria', 'Casa', 'No', '2a3H591BP', 5, 47),
(265, '2020-12-07 00:00:00', 'Pegaso', 3, 2, 'Bancolombia', 0.2, 'Quibdo', 'Apartamento', 'Si', '65LMFV6BP', 1, 11),
(266, '2020-06-15 00:00:00', 'Arquitectura S.A.', 1, 4, 'Colpatria', 0.1, 'Armenia', 'Casa', 'No', 'QZn42QcBP', 4, 30),
(267, '2020-06-15 00:00:00', 'Ingenieros Ltda.', 3, 1, 'Conavi', 0.2, 'Pereira', 'Casa', 'Si', '74Y7Y78FI', 5, 43),
(268, '2019-09-09 00:00:00', 'Hermanos Gallego', 3, 1, 'Banco de Occidente', 0.3, 'Cartago', 'Casa', 'Si', 'e63087MFI', 1, 38),
(269, '2020-06-15 00:00:00', 'Pegaso', 3, 1, 'Colpatria', 0.3, 'Salento', 'Condominio', 'Si', '1Q7377vFI', 4, 2),
(270, '2021-04-04 00:00:00', 'Arquitectura S.A.', 1, 3, 'Colmena', 0.3, 'Sta. Rosa de Cabal', 'Casa', 'Si', 'L1PiAEmBP', 1, 47),
(271, '2020-12-07 00:00:00', 'Hermanos Gallego', 3, 2, 'Banco de Occidente', 0.2, 'Neiva', 'Casa Campestre', 'No', 'g1HbvFyFI', 2, 21),
(272, '2020-06-15 00:00:00', 'Edificios y Edificios', 3, 3, 'Banco de Occidente', 0.3, 'Neiva', 'Casa', 'No', '9231e56FI', 5, 50),
(273, '2019-09-09 00:00:00', 'Edificios y Edificios', 1, 3, 'Colmena', 0.2, 'Cartagena', 'Casa', 'Si', 'rU0Od42FI', 3, 17),
(274, '2021-04-04 00:00:00', 'Arquitectura S.A.', 2, 1, 'Bancolombia', 0.3, 'Neiva', 'Casa Campestre', 'Si', 'uA1Q7z8BP', 1, 31),
(275, '2020-12-07 00:00:00', 'Arquitectura S.A.', 1, 1, 'Conavi', 0.1, 'Ibague', 'Apartamento', 'Si', 'Q44XsB5FI', 3, 15),
(276, '2019-09-09 00:00:00', 'Edificios y Edificios', 3, 1, 'Colpatria', 0.1, 'Armenia', 'Apartamento', 'Si', '3530UQ4FI', 4, 21),
(277, '2020-12-07 00:00:00', 'Hermanos Gallego', 2, 2, 'Banco de Occidente', 0.3, 'Armenia', 'Casa', 'Si', '8r02p2eBP', 2, 42),
(278, '2020-12-07 00:00:00', 'Hermanos Gallego', 2, 3, 'Bancolombia', 0.2, 'Manizales', 'Casa', 'Si', 'n7fS418BP', 3, 33),
(279, '2021-04-04 00:00:00', 'Pegaso', 2, 3, 'Banco de Occidente', 0.1, 'Cartago', 'Casa', 'Si', '0nwocYVFI', 3, 2),
(280, '2019-09-09 00:00:00', 'Arquitectura S.A.', 3, 1, 'Colmena', 0.3, 'Monteria', 'Condominio', 'No', 'tzy7rZUBP', 4, 11),
(281, '2020-06-15 00:00:00', 'Hermanos Gallego', 1, 3, 'Colpatria', 0.3, 'Armenia', 'Apartaestudio', 'Si', '9f470KxBP', 1, 37),
(282, '2021-04-04 00:00:00', 'Arquitectura S.A.', 2, 3, 'Colmena', 0.3, 'Bucaramanga', 'Casa', 'Si', '7F0IFxQFI', 3, 11),
(283, '2020-06-15 00:00:00', 'Arquitectura S.A.', 2, 2, 'Davivienda', 0.3, 'Salento', 'Apartamento', 'No', '0n0R589BP', 2, 49),
(284, '2020-06-15 00:00:00', 'Hermanos Gallego', 3, 2, 'Conavi', 0.3, 'Sta. Rosa de Cabal', 'Casa', 'No', '5Am474nFI', 4, 37),
(285, '2020-12-07 00:00:00', 'Ingenieros Ltda.', 2, 2, 'Conavi', 0.2, 'Sta. Rosa de Cabal', 'Apartamento', 'No', '77p08QAFI', 4, 30),
(286, '2019-09-09 00:00:00', 'Edificios y Edificios', 1, 3, 'Bancolombia', 0.2, 'Salento', 'Apartaestudio', 'Si', 'cC04hMgFI', 5, 36),
(287, '2020-06-15 00:00:00', 'Pegaso', 3, 3, 'Bancolombia', 0.2, 'Sta. Rosa de Cabal', 'Casa', 'No', 'oK5NCMwFI', 3, 18),
(288, '2019-09-09 00:00:00', 'Arquitectura S.A.', 2, 2, 'Colpatria', 0.1, 'Ibague', 'Casa', 'No', 'y7YHc45BP', 2, 10),
(289, '2020-06-15 00:00:00', 'Edificios y Edificios', 1, 4, 'Davivienda', 0.2, 'Bogota', 'Casa Campestre', 'No', 'ok67923BP', 3, 42),
(290, '2020-06-15 00:00:00', 'Ingenieros Ltda.', 1, 1, 'Banco de Occidente', 0.1, 'Barranquilla', 'Apartamento', 'No', 'T3Bl38bFI', 4, 15),
(291, '2021-04-04 00:00:00', 'Arquitectura S.A.', 1, 3, 'Colpatria', 0.2, 'Bucaramanga', 'Casa Campestre', 'Si', '6eSWKF0BP', 5, 17),
(292, '2019-09-09 00:00:00', 'Arquitectura S.A.', 1, 3, 'Bancolombia', 0.1, 'Santa Marta', 'Casa Campestre', 'No', 'k89K7zBFI', 4, 33),
(293, '2021-04-04 00:00:00', 'Ingenieros Ltda.', 1, 2, 'Davivienda', 0.1, 'Armenia', 'Casa Campestre', 'Si', '84MRnb1BP', 5, 27),
(294, '2020-12-07 00:00:00', 'Pegaso', 3, 2, 'Colmena', 0.1, 'Bucaramanga', 'Casa Campestre', 'Si', '67889T5BP', 5, 41),
(295, '2020-06-15 00:00:00', 'Hermanos Gallego', 3, 3, 'Colpatria', 0.3, 'Bucaramanga', 'Casa', 'Si', '6U671j9BP', 2, 13),
(296, '2019-09-09 00:00:00', 'Ingenieros Ltda.', 2, 1, 'Colmena', 0.1, 'Sta. Rosa de Cabal', 'Condominio', 'No', 'xyI6u6kBP', 4, 48),
(297, '2020-12-07 00:00:00', 'Ingenieros Ltda.', 1, 3, 'Bancolombia', 0.3, 'Bucaramanga', 'Condominio', 'No', 'UPOQf84BP', 2, 39),
(298, '2020-06-15 00:00:00', 'Pegaso', 1, 3, 'Conavi', 0.1, 'Santa Marta', 'Casa Campestre', 'Si', '7TvJ1Y1BP', 4, 40),
(299, '2020-12-07 00:00:00', 'Ingenieros Ltda.', 1, 2, 'Bancolombia', 0.1, 'Salento', 'Apartaestudio', 'Si', 'Eyx9d54BP', 5, 40),
(300, '2019-09-09 00:00:00', 'Arquitectura S.A.', 1, 2, 'Bancolombia', 0.1, 'Sta. Rosa de Cabal', 'Apartamento', 'No', 'gH2I2N3BP', 5, 40),
(301, '2020-12-07 00:00:00', 'Arquitectura S.A.', 2, 4, 'Conavi', 0.2, 'Monteria', 'Apartaestudio', 'Si', '239BV8oFI', 4, 49),
(302, '2019-09-09 00:00:00', 'Edificios y Edificios', 2, 4, 'Davivienda', 0.1, 'Bogota', 'Casa', 'No', '0DWR860FI', 1, 39),
(303, '2019-09-09 00:00:00', 'Pegaso', 2, 2, 'Banco de Occidente', 0.1, 'Quibdo', 'Apartamento', 'No', '67mMailBP', 1, 14),
(304, '2019-09-09 00:00:00', 'Pegaso', 2, 1, 'Banco de Occidente', 0.3, 'Manizales', 'Apartaestudio', 'Si', '90Y903ZFI', 2, 41),
(305, '2020-06-15 00:00:00', 'Pegaso', 1, 1, 'Colpatria', 0.2, 'Pereira', 'Casa Campestre', 'Si', 'UA1tru1FI', 5, 5),
(306, '2021-04-04 00:00:00', 'Pegaso', 3, 2, 'Davivienda', 0.3, 'Armenia', 'Casa', 'No', '87F9Q5mFI', 3, 50),
(307, '2019-09-09 00:00:00', 'Edificios y Edificios', 3, 1, 'Colmena', 0.1, 'Barranquilla', 'Casa', 'Si', 'a582smFFI', 3, 29),
(308, '2021-04-04 00:00:00', 'Ingenieros Ltda.', 3, 1, 'Conavi', 0.2, 'Bucaramanga', 'Apartaestudio', 'Si', 'O594P63FI', 1, 34),
(309, '2019-09-09 00:00:00', 'Hermanos Gallego', 2, 3, 'Bancolombia', 0.1, 'Manizales', 'Casa Campestre', 'No', 'U5aw7gnBP', 2, 19),
(310, '2020-06-15 00:00:00', 'Pegaso', 2, 4, 'Banco de Occidente', 0.2, 'Bucaramanga', 'Casa', 'Si', 'ku0irm2FI', 3, 45),
(311, '2021-04-04 00:00:00', 'Edificios y Edificios', 1, 1, 'Banco de Occidente', 0.2, 'Quibdo', 'Apartaestudio', 'No', '311KtsaFI', 5, 48),
(312, '2019-09-09 00:00:00', 'Pegaso', 3, 1, 'Colmena', 0.1, 'Manizales', 'Casa Campestre', 'No', '53li7b6FI', 2, 45),
(313, '2020-12-07 00:00:00', 'Arquitectura S.A.', 1, 3, 'Colmena', 0.3, 'Cartagena', 'Casa', 'Si', 'l6600vgFI', 3, 2),
(314, '2021-04-04 00:00:00', 'Pegaso', 1, 1, 'Davivienda', 0.2, 'Barranquilla', 'Apartamento', 'No', 'u2UkS85BP', 1, 18),
(315, '2019-09-09 00:00:00', 'Arquitectura S.A.', 2, 1, 'Davivienda', 0.3, 'Salento', 'Apartaestudio', 'Si', 'hw33mz3BP', 5, 45),
(316, '2021-04-04 00:00:00', 'Hermanos Gallego', 3, 4, 'Colpatria', 0.2, 'Monteria', 'Apartaestudio', 'Si', '7B1QVYnFI', 5, 18),
(317, '2020-06-15 00:00:00', 'Edificios y Edificios', 3, 2, 'Banco de Occidente', 0.2, 'Manizales', 'Casa Campestre', 'Si', 'b0vN33gBP', 3, 32),
(318, '2019-09-09 00:00:00', 'Arquitectura S.A.', 1, 2, 'Colmena', 0.1, 'Monteria', 'Apartamento', 'Si', 'i81U3z0BP', 3, 21),
(319, '2021-04-04 00:00:00', 'Pegaso', 2, 2, 'Colpatria', 0.3, 'Salento', 'Casa', 'No', '325513AFI', 3, 25),
(320, '2020-12-07 00:00:00', 'Pegaso', 3, 1, 'Banco de Occidente', 0.2, 'Bucaramanga', 'Casa', 'No', '4d5A675FI', 4, 9),
(321, '2021-04-04 00:00:00', 'Arquitectura S.A.', 3, 2, 'Conavi', 0.2, 'Bucaramanga', 'Casa Campestre', 'Si', '86POE63BP', 3, 45),
(322, '2021-04-04 00:00:00', 'Edificios y Edificios', 3, 3, 'Bancolombia', 0.1, 'Sta. Rosa de Cabal', 'Apartaestudio', 'No', '1L8Fyk8BP', 1, 27),
(323, '2019-09-09 00:00:00', 'Ingenieros Ltda.', 2, 4, 'Banco de Occidente', 0.2, 'Cartago', 'Condominio', 'No', 'T64M738BP', 5, 41),
(324, '2021-04-04 00:00:00', 'Pegaso', 2, 4, 'Banco de Occidente', 0.3, 'Ibague', 'Apartamento', 'No', '5kV1Xb3FI', 4, 32),
(325, '2021-04-04 00:00:00', 'Arquitectura S.A.', 2, 4, 'Colmena', 0.1, 'Bucaramanga', 'Apartaestudio', 'No', '7U6MyP0FI', 4, 12),
(326, '2019-09-09 00:00:00', 'Ingenieros Ltda.', 3, 4, 'Banco de Occidente', 0.1, 'Cartago', 'Casa', 'Si', 't0E2hloFI', 5, 6),
(327, '2020-12-07 00:00:00', 'Edificios y Edificios', 1, 2, 'Conavi', 0.3, 'Pereira', 'Condominio', 'No', '39K9Uh5BP', 2, 3),
(328, '2019-09-09 00:00:00', 'Edificios y Edificios', 3, 2, 'Banco de Occidente', 0.3, 'Santa Marta', 'Condominio', 'Si', '5265Qv0BP', 5, 14),
(329, '2021-04-04 00:00:00', 'Hermanos Gallego', 2, 1, 'Colmena', 0.2, 'Quibdo', 'Casa', 'Si', '09Aoi64FI', 2, 4),
(330, '2019-09-09 00:00:00', 'Ingenieros Ltda.', 1, 4, 'Conavi', 0.3, 'Bucaramanga', 'Apartamento', 'Si', 'w0ygwWpFI', 1, 10),
(331, '2021-04-04 00:00:00', 'Pegaso', 1, 3, 'Banco de Occidente', 0.1, 'Bogota', 'Apartamento', 'Si', 'r2058zHBP', 1, 6),
(332, '2021-04-04 00:00:00', 'Ingenieros Ltda.', 2, 4, 'Bancolombia', 0.1, 'Ibague', 'Condominio', 'Si', '2OieM73FI', 1, 6),
(333, '2020-12-07 00:00:00', 'Ingenieros Ltda.', 2, 2, 'Conavi', 0.3, 'Quibdo', 'Apartaestudio', 'No', '7gVg4VMFI', 4, 35),
(334, '2019-09-09 00:00:00', 'Hermanos Gallego', 3, 3, 'Banco de Occidente', 0.1, 'Bucaramanga', 'Casa', 'No', '39M4I27FI', 1, 14),
(335, '2020-06-15 00:00:00', 'Edificios y Edificios', 3, 1, 'Bancolombia', 0.1, 'Manizales', 'Apartamento', 'Si', '70u97rIBP', 2, 13),
(336, '2021-04-04 00:00:00', 'Edificios y Edificios', 3, 3, 'Davivienda', 0.2, 'Cartagena', 'Casa Campestre', 'Si', '0739k07FI', 5, 50),
(337, '2020-12-07 00:00:00', 'Edificios y Edificios', 3, 1, 'Conavi', 0.2, 'Sta. Rosa de Cabal', 'Condominio', 'Si', 'mT23ookFI', 5, 47),
(338, '2020-12-07 00:00:00', 'Pegaso', 2, 2, 'Davivienda', 0.3, 'Ibague', 'Casa Campestre', 'No', 'PXA8NTyBP', 5, 48),
(339, '2020-06-15 00:00:00', 'Pegaso', 3, 4, 'Conavi', 0.3, 'Quibdo', 'Apartamento', 'Si', '65641AIBP', 5, 50),
(340, '2020-12-07 00:00:00', 'Ingenieros Ltda.', 1, 3, 'Banco de Occidente', 0.3, 'Neiva', 'Apartaestudio', 'Si', 'v5w3gajFI', 3, 37),
(341, '2019-09-09 00:00:00', 'Pegaso', 2, 3, 'Colmena', 0.2, 'Cartago', 'Apartaestudio', 'Si', 'yd6P59UFI', 5, 38),
(342, '2021-04-04 00:00:00', 'Arquitectura S.A.', 3, 4, 'Colmena', 0.1, 'Neiva', 'Condominio', 'No', '2710fmwFI', 2, 42),
(343, '2021-04-04 00:00:00', 'Pegaso', 1, 4, 'Colpatria', 0.3, 'Salento', 'Apartamento', 'Si', 'lmm91p8FI', 5, 18),
(344, '2020-06-15 00:00:00', 'Arquitectura S.A.', 1, 1, 'Colpatria', 0.1, 'Salento', 'Condominio', 'No', '3dYs021BP', 4, 3),
(345, '2020-12-07 00:00:00', 'Arquitectura S.A.', 2, 2, 'Colmena', 0.1, 'Bogota', 'Condominio', 'No', '5s7W3u7BP', 3, 44),
(346, '2019-09-09 00:00:00', 'Ingenieros Ltda.', 3, 2, 'Davivienda', 0.2, 'Bogota', 'Apartamento', 'Si', '8k64193FI', 3, 3),
(347, '2019-09-09 00:00:00', 'Pegaso', 2, 3, 'Conavi', 0.2, 'Barranquilla', 'Condominio', 'No', 'h10213oBP', 1, 46),
(348, '2021-04-04 00:00:00', 'Ingenieros Ltda.', 2, 2, 'Bancolombia', 0.3, 'Armenia', 'Apartamento', 'No', '37DMVDhBP', 4, 35),
(349, '2021-04-04 00:00:00', 'Hermanos Gallego', 1, 1, 'Colpatria', 0.2, 'Salento', 'Casa Campestre', 'No', '9E7gr46BP', 2, 27),
(350, '2021-04-04 00:00:00', 'Ingenieros Ltda.', 3, 1, 'Conavi', 0.1, 'Quibdo', 'Casa Campestre', 'Si', '2nyGEs7BP', 4, 15),
(351, '2019-09-09 00:00:00', 'Pegaso', 3, 2, 'Davivienda', 0.2, 'Bucaramanga', 'Apartaestudio', 'No', 'jVXLmcSBP', 1, 17),
(352, '2020-06-15 00:00:00', 'Pegaso', 1, 3, 'Banco de Occidente', 0.1, 'Quibdo', 'Casa', 'No', 'Cskj6NaFI', 4, 5),
(353, '2020-06-15 00:00:00', 'Ingenieros Ltda.', 1, 4, 'Conavi', 0.1, 'Cartagena', 'Apartaestudio', 'No', 'h1p3I66FI', 2, 37),
(354, '2020-06-15 00:00:00', 'Edificios y Edificios', 3, 1, 'Colpatria', 0.1, 'Bucaramanga', 'Apartamento', 'Si', '8TyuT07FI', 4, 40),
(355, '2021-04-04 00:00:00', 'Hermanos Gallego', 1, 1, 'Davivienda', 0.3, 'Neiva', 'Casa', 'No', '5entNfUFI', 3, 23),
(356, '2020-06-15 00:00:00', 'Edificios y Edificios', 1, 4, 'Conavi', 0.2, 'Manizales', 'Condominio', 'Si', '86K69B8BP', 5, 33),
(357, '2021-04-04 00:00:00', 'Ingenieros Ltda.', 1, 1, 'Colpatria', 0.3, 'Salento', 'Apartamento', 'No', 'ei96775BP', 4, 28),
(358, '2019-09-09 00:00:00', 'Arquitectura S.A.', 2, 4, 'Conavi', 0.1, 'Santa Marta', 'Casa Campestre', 'Si', 'Yu950MSFI', 5, 8),
(359, '2020-12-07 00:00:00', 'Hermanos Gallego', 2, 3, 'Davivienda', 0.3, 'Santa Marta', 'Casa Campestre', 'No', 'm14595hBP', 4, 44),
(360, '2020-06-15 00:00:00', 'Arquitectura S.A.', 2, 3, 'Banco de Occidente', 0.3, 'Santa Marta', 'Apartamento', 'Si', 'y23GmRwBP', 1, 3),
(361, '2019-09-09 00:00:00', 'Pegaso', 1, 2, 'Bancolombia', 0.1, 'Cartagena', 'Apartaestudio', 'No', 'L2Ot71vFI', 1, 33),
(362, '2020-12-07 00:00:00', 'Arquitectura S.A.', 2, 4, 'Colpatria', 0.2, 'Bucaramanga', 'Condominio', 'Si', 'UnRI8h1BP', 5, 6),
(363, '2021-04-04 00:00:00', 'Ingenieros Ltda.', 2, 1, 'Colmena', 0.2, 'Cartagena', 'Casa', 'Si', 'tJ96X63BP', 1, 30),
(364, '2019-09-09 00:00:00', 'Edificios y Edificios', 1, 4, 'Davivienda', 0.2, 'Cartagena', 'Apartaestudio', 'Si', '53985oVBP', 2, 36),
(365, '2020-12-07 00:00:00', 'Edificios y Edificios', 2, 4, 'Bancolombia', 0.3, 'Sta. Rosa de Cabal', 'Casa Campestre', 'Si', 'hd3Vmm2BP', 1, 11),
(366, '2021-04-04 00:00:00', 'Edificios y Edificios', 2, 1, 'Bancolombia', 0.2, 'Quibdo', 'Casa Campestre', 'Si', 'h7X2786BP', 5, 40),
(367, '2020-12-07 00:00:00', 'Arquitectura S.A.', 3, 2, 'Davivienda', 0.1, 'Ibague', 'Apartaestudio', 'Si', 'E1LC85CBP', 4, 19),
(368, '2021-04-04 00:00:00', 'Arquitectura S.A.', 1, 4, 'Conavi', 0.2, 'Neiva', 'Apartaestudio', 'Si', 'PJAr7fXBP', 2, 18),
(369, '2021-04-04 00:00:00', 'Hermanos Gallego', 1, 2, 'Banco de Occidente', 0.3, 'Monteria', 'Apartaestudio', 'No', 'h430MxUBP', 1, 26),
(370, '2019-09-09 00:00:00', 'Edificios y Edificios', 3, 4, 'Davivienda', 0.1, 'Cartago', 'Casa', 'No', '6Ko1RseFI', 3, 31),
(371, '2020-06-15 00:00:00', 'Pegaso', 3, 3, 'Colpatria', 0.3, 'Monteria', 'Apartaestudio', 'No', 'V14iCZlBP', 1, 21),
(372, '2019-09-09 00:00:00', 'Edificios y Edificios', 1, 1, 'Davivienda', 0.1, 'Bogota', 'Apartaestudio', 'No', 'H2120WXBP', 3, 16),
(373, '2020-06-15 00:00:00', 'Pegaso', 1, 1, 'Banco de Occidente', 0.2, 'Ibague', 'Condominio', 'No', 'Bp0007MFI', 5, 32),
(374, '2019-09-09 00:00:00', 'Edificios y Edificios', 2, 1, 'Conavi', 0.1, 'Monteria', 'Apartamento', 'Si', '329mWS4FI', 1, 2),
(375, '2021-04-04 00:00:00', 'Arquitectura S.A.', 2, 2, 'Bancolombia', 0.3, 'Manizales', 'Casa Campestre', 'Si', 'I46V891FI', 3, 50),
(376, '2020-06-15 00:00:00', 'Pegaso', 2, 3, 'Bancolombia', 0.2, 'Cartagena', 'Casa Campestre', 'Si', 'k55K5XIFI', 3, 37),
(377, '2020-12-07 00:00:00', 'Pegaso', 3, 1, 'Colpatria', 0.2, 'Ibague', 'Casa Campestre', 'No', 'T11IB63BP', 5, 22),
(378, '2021-04-04 00:00:00', 'Arquitectura S.A.', 1, 4, 'Conavi', 0.2, 'Neiva', 'Condominio', 'No', '4BwmUskBP', 4, 36),
(379, '2019-09-09 00:00:00', 'Arquitectura S.A.', 1, 1, 'Colpatria', 0.3, 'Salento', 'Casa Campestre', 'No', 'nk104i7BP', 3, 29),
(380, '2019-09-09 00:00:00', 'Ingenieros Ltda.', 3, 1, 'Colpatria', 0.3, 'Manizales', 'Casa Campestre', 'No', 'B34wIzRFI', 2, 6),
(381, '2020-06-15 00:00:00', 'Pegaso', 2, 3, 'Banco de Occidente', 0.1, 'Cartago', 'Condominio', 'No', 'XP87tClFI', 4, 17),
(382, '2019-09-09 00:00:00', 'Arquitectura S.A.', 2, 4, 'Davivienda', 0.2, 'Barranquilla', 'Casa', 'Si', 'or7UM1GBP', 4, 24),
(383, '2020-06-15 00:00:00', 'Edificios y Edificios', 2, 2, 'Davivienda', 0.3, 'Bogota', 'Condominio', 'No', 'nC97430FI', 3, 4),
(384, '2021-04-04 00:00:00', 'Pegaso', 1, 3, 'Bancolombia', 0.3, 'Bogota', 'Apartamento', 'No', 'z31UA16BP', 2, 11),
(385, '2020-12-07 00:00:00', 'Ingenieros Ltda.', 3, 2, 'Banco de Occidente', 0.2, 'Bogota', 'Casa', 'No', 'Hu04wrtBP', 3, 13),
(386, '2020-06-15 00:00:00', 'Edificios y Edificios', 1, 2, 'Banco de Occidente', 0.1, 'Ibague', 'Casa', 'No', '5tT07m8BP', 1, 4),
(387, '2020-12-07 00:00:00', 'Pegaso', 3, 4, 'Colmena', 0.1, 'Monteria', 'Casa Campestre', 'Si', 'h02X9TDFI', 1, 12),
(388, '2019-09-09 00:00:00', 'Arquitectura S.A.', 1, 2, 'Bancolombia', 0.2, 'Pereira', 'Casa Campestre', 'Si', 'Ib85bRiFI', 5, 12),
(389, '2021-04-04 00:00:00', 'Pegaso', 2, 3, 'Colmena', 0.2, 'Santa Marta', 'Casa Campestre', 'Si', '640s6Q4FI', 1, 19),
(390, '2021-04-04 00:00:00', 'Edificios y Edificios', 2, 2, 'Bancolombia', 0.2, 'Monteria', 'Casa Campestre', 'Si', 'E3O03UyBP', 4, 38),
(391, '2020-06-15 00:00:00', 'Hermanos Gallego', 3, 1, 'Colmena', 0.3, 'Armenia', 'Casa', 'No', '1DsWG7xFI', 2, 45),
(392, '2021-04-04 00:00:00', 'Ingenieros Ltda.', 2, 4, 'Davivienda', 0.3, 'Sta. Rosa de Cabal', 'Casa Campestre', 'Si', 'nQ7YxHyFI', 5, 48),
(393, '2021-04-04 00:00:00', 'Ingenieros Ltda.', 1, 4, 'Banco de Occidente', 0.1, 'Monteria', 'Apartaestudio', 'Si', '64438O5FI', 5, 50),
(394, '2019-09-09 00:00:00', 'Pegaso', 1, 1, 'Colmena', 0.2, 'Bogota', 'Casa', 'Si', '4C97u69FI', 4, 9),
(395, '2019-09-09 00:00:00', 'Edificios y Edificios', 3, 1, 'Banco de Occidente', 0.2, 'Salento', 'Condominio', 'Si', '13V8xQiBP', 1, 15),
(396, '2019-09-09 00:00:00', 'Hermanos Gallego', 2, 2, 'Davivienda', 0.2, 'Manizales', 'Casa', 'No', 'IPi89mDFI', 4, 10),
(397, '2019-09-09 00:00:00', 'Arquitectura S.A.', 1, 1, 'Colpatria', 0.2, 'Armenia', 'Casa Campestre', 'Si', 'U8rE837BP', 4, 17),
(398, '2019-09-09 00:00:00', 'Hermanos Gallego', 3, 1, 'Conavi', 0.1, 'Bucaramanga', 'Apartaestudio', 'Si', '8522Wc9FI', 3, 44),
(399, '2020-06-15 00:00:00', 'Arquitectura S.A.', 2, 3, 'Banco de Occidente', 0.3, 'Pereira', 'Apartaestudio', 'Si', 'pS5ON7EFI', 2, 27);
INSERT INTO `Proyecto` (`ID_Proyecto`, `Fecha_Inicio`, `Constructora`, `Numero_Banos`, `Numero_Habitaciones`, `Banco_Vinculado`, `Porcentaje_Cuota_Inicial`, `Ciudad`, `Clasificacion`, `Acabados`, `Serial`, `ID_Tipo`, `ID_Lider`) VALUES
(400, '2019-09-09 00:00:00', 'Pegaso', 1, 3, 'Colmena', 0.3, 'Bucaramanga', 'Apartamento', 'Si', '5M0acn4BP', 5, 36);

-- --------------------------------------------------------

--
-- Table structure for table `Tipo`
--

CREATE TABLE `Tipo` (
  `ID_Tipo` int(11) NOT NULL,
  `Codigo_Tipo` int(11) NOT NULL,
  `Area_Max` int(11) NOT NULL,
  `Financiable` int(11) NOT NULL,
  `Estrato` int(11) NOT NULL
) ENGINE=InnoDB DEFAULT CHARSET=utf8mb4;

--
-- Dumping data for table `Tipo`
--

INSERT INTO `Tipo` (`ID_Tipo`, `Codigo_Tipo`, `Area_Max`, `Financiable`, `Estrato`) VALUES
(1, 44, 350, 1, 3),
(2, 55, 1000, 1, 6),
(3, 101, 60, 1, 2),
(4, 321, 180, 0, 5),
(5, 551, 2500, 0, 6);

--
-- Indexes for dumped tables
--

--
-- Indexes for table `Compra`
--
ALTER TABLE `Compra`
  ADD PRIMARY KEY (`ID_Compra`),
  ADD KEY `ID_Proyecto` (`ID_Proyecto`),
  ADD KEY `ID_MaterialConstruccion` (`ID_MaterialConstruccion`);

--
-- Indexes for table `Lider`
--
ALTER TABLE `Lider`
  ADD PRIMARY KEY (`ID_Lider`);

--
-- Indexes for table `MaterialConstruccion`
--
ALTER TABLE `MaterialConstruccion`
  ADD PRIMARY KEY (`ID_MaterialConstruccion`);

--
-- Indexes for table `Proyecto`
--
ALTER TABLE `Proyecto`
  ADD PRIMARY KEY (`ID_Proyecto`),
  ADD KEY `ID_Tipo` (`ID_Tipo`),
  ADD KEY `ID_Lider` (`ID_Lider`);

--
-- Indexes for table `Tipo`
--
ALTER TABLE `Tipo`
  ADD PRIMARY KEY (`ID_Tipo`);

--
-- AUTO_INCREMENT for dumped tables
--

--
-- AUTO_INCREMENT for table `Compra`
--
ALTER TABLE `Compra`
  MODIFY `ID_Compra` int(11) NOT NULL AUTO_INCREMENT, AUTO_INCREMENT=1501;

--
-- AUTO_INCREMENT for table `Lider`
--
ALTER TABLE `Lider`
  MODIFY `ID_Lider` int(11) NOT NULL AUTO_INCREMENT, AUTO_INCREMENT=51;

--
-- AUTO_INCREMENT for table `MaterialConstruccion`
--
ALTER TABLE `MaterialConstruccion`
  MODIFY `ID_MaterialConstruccion` int(11) NOT NULL AUTO_INCREMENT, AUTO_INCREMENT=22;

--
-- AUTO_INCREMENT for table `Proyecto`
--
ALTER TABLE `Proyecto`
  MODIFY `ID_Proyecto` int(11) NOT NULL AUTO_INCREMENT, AUTO_INCREMENT=401;

--
-- AUTO_INCREMENT for table `Tipo`
--
ALTER TABLE `Tipo`
  MODIFY `ID_Tipo` int(11) NOT NULL AUTO_INCREMENT, AUTO_INCREMENT=6;

--
-- Constraints for dumped tables
--

--
-- Constraints for table `Compra`
--
ALTER TABLE `Compra`
  ADD CONSTRAINT `Compra_ibfk_1` FOREIGN KEY (`ID_Proyecto`) REFERENCES `Proyecto` (`ID_Proyecto`),
  ADD CONSTRAINT `Compra_ibfk_2` FOREIGN KEY (`ID_MaterialConstruccion`) REFERENCES `MaterialConstruccion` (`ID_MaterialConstruccion`);

--
-- Constraints for table `Proyecto`
--
ALTER TABLE `Proyecto`
  ADD CONSTRAINT `Proyecto_ibfk_1` FOREIGN KEY (`ID_Tipo`) REFERENCES `Tipo` (`ID_Tipo`),
  ADD CONSTRAINT `Proyecto_ibfk_2` FOREIGN KEY (`ID_Lider`) REFERENCES `Lider` (`ID_Lider`);
COMMIT;

/*!40101 SET CHARACTER_SET_CLIENT=@OLD_CHARACTER_SET_CLIENT */;
/*!40101 SET CHARACTER_SET_RESULTS=@OLD_CHARACTER_SET_RESULTS */;
/*!40101 SET COLLATION_CONNECTION=@OLD_COLLATION_CONNECTION */;
